# ************************************************************
# Sequel Pro SQL dump
# Versión 4096
#
# http://www.sequelpro.com/
# http://code.google.com/p/sequel-pro/
#
# Host: 192.168.1.36 (MySQL 5.5.35-log)
# Base de datos: osmtt
# Tiempo de Generación: 2014-01-29 02:46:37 -0300
# ************************************************************


/*!40101 SET @OLD_CHARACTER_SET_CLIENT=@@CHARACTER_SET_CLIENT */;
/*!40101 SET @OLD_CHARACTER_SET_RESULTS=@@CHARACTER_SET_RESULTS */;
/*!40101 SET @OLD_COLLATION_CONNECTION=@@COLLATION_CONNECTION */;
/*!40101 SET NAMES utf8 */;
/*!40014 SET @OLD_FOREIGN_KEY_CHECKS=@@FOREIGN_KEY_CHECKS, FOREIGN_KEY_CHECKS=0 */;
/*!40101 SET @OLD_SQL_MODE=@@SQL_MODE, SQL_MODE='NO_AUTO_VALUE_ON_ZERO' */;
/*!40111 SET @OLD_SQL_NOTES=@@SQL_NOTES, SQL_NOTES=0 */;


# Volcado de tabla altasbajas
# ------------------------------------------------------------

DROP TABLE IF EXISTS `altasbajas`;

CREATE TABLE `altasbajas` (
  `id` bigint(20) unsigned NOT NULL AUTO_INCREMENT,
  `cuil` bigint(11) DEFAULT NULL,
  `accion` tinyint(1) NOT NULL,
  `fecha` date NOT NULL,
  `motivo` varchar(45) DEFAULT NULL,
  `time_stamp` timestamp NULL DEFAULT CURRENT_TIMESTAMP,
  PRIMARY KEY (`id`)
) ENGINE=InnoDB DEFAULT CHARSET=utf8;

LOCK TABLES `altasbajas` WRITE;
/*!40000 ALTER TABLE `altasbajas` DISABLE KEYS */;

INSERT INTO `altasbajas` (`id`, `cuil`, `accion`, `fecha`, `motivo`, `time_stamp`)
VALUES
	(176,23266782489,1,'2012-04-09',NULL,'2014-01-29 02:16:04'),
	(177,20248785471,1,'2012-02-03',NULL,'2014-01-29 02:16:04'),
	(178,20313476171,1,'2011-01-01',NULL,'2014-01-29 02:16:04'),
	(179,20301652403,1,'2009-03-01',NULL,'2014-01-29 02:16:04'),
	(180,20301275545,1,'2004-12-01',NULL,'2014-01-29 02:16:04'),
	(181,27206977014,1,'2011-11-21',NULL,'2014-01-29 02:16:04'),
	(182,27211156061,1,'2011-11-21',NULL,'2014-01-29 02:16:04'),
	(183,27226108799,1,'2011-11-21',NULL,'2014-01-29 02:16:04'),
	(184,27232741584,1,'2011-11-21',NULL,'2014-01-29 02:16:04'),
	(185,27241069058,1,'2011-11-21',NULL,'2014-01-29 02:16:04'),
	(186,20296736474,1,'2005-08-01',NULL,'2014-01-29 02:16:04'),
	(187,20306627938,1,'2011-10-18',NULL,'2014-01-29 02:16:05'),
	(188,20309109962,1,'2011-10-18',NULL,'2014-01-29 02:16:05'),
	(189,20288899585,1,'2005-03-01',NULL,'2014-01-29 02:16:05'),
	(190,20280030431,1,'2004-02-01',NULL,'2014-01-29 02:16:05'),
	(191,20220067867,1,'2011-04-08',NULL,'2014-01-29 02:16:05'),
	(192,20245720182,1,'2012-01-09',NULL,'2014-01-29 02:16:05'),
	(193,20215429122,1,'2011-04-08',NULL,'2014-01-29 02:16:05'),
	(194,20278001165,1,'2004-04-01',NULL,'2014-01-29 02:16:05'),
	(195,23249546089,1,'2011-06-03',NULL,'2014-01-29 02:16:05'),
	(196,23203907419,1,'2011-11-02',NULL,'2014-01-29 02:16:05'),
	(197,23252645594,1,'2011-12-01',NULL,'2014-01-29 02:16:05'),
	(198,23358621244,1,'2011-12-01',NULL,'2014-01-29 02:16:05'),
	(199,20274341530,1,'2004-04-01',NULL,'2014-01-29 02:16:05'),
	(200,27134383572,1,'2011-12-01',NULL,'2014-01-29 02:16:05'),
	(201,20258006721,1,'2012-06-04',NULL,'2014-01-29 02:16:06'),
	(202,20259557845,1,'2012-06-04',NULL,'2014-01-29 02:16:06'),
	(203,20265857338,1,'2004-09-01',NULL,'2014-01-29 02:16:06'),
	(204,20307373719,1,'2012-08-14',NULL,'2014-01-29 02:16:06'),
	(205,20260516877,1,'2003-12-01',NULL,'2014-01-29 02:16:06'),
	(206,20260172884,1,'2004-06-01',NULL,'2014-01-29 02:16:06'),
	(207,27233197748,1,'2009-10-06',NULL,'2014-01-29 02:16:06'),
	(208,20259300275,1,'2003-12-01',NULL,'2014-01-29 02:16:06'),
	(209,20229965825,1,'2011-12-01',NULL,'2014-01-29 02:16:06'),
	(210,20262832601,1,'2011-12-01',NULL,'2014-01-29 02:16:06'),
	(211,27293910184,1,'2011-09-14',NULL,'2014-01-29 02:16:06'),
	(212,27293694317,1,'2011-12-07',NULL,'2014-01-29 02:16:06'),
	(213,20286348875,1,'2011-04-08',NULL,'2014-01-29 02:16:06'),
	(214,20251700916,1,'2004-03-01',NULL,'2014-01-29 02:16:06'),
	(215,20248506084,1,'2003-09-01',NULL,'2014-01-29 02:16:06'),
	(216,20246493457,1,'2005-09-01',NULL,'2014-01-29 02:16:06'),
	(217,20245376198,1,'2004-10-01',NULL,'2014-01-29 02:16:07'),
	(218,20305848574,1,'2012-12-11',NULL,'2014-01-29 02:16:07'),
	(219,20342751785,1,'2012-12-11',NULL,'2014-01-29 02:16:07'),
	(220,23336036089,1,'2012-12-11',NULL,'2014-01-29 02:16:07'),
	(221,20946893979,1,'2012-04-09',NULL,'2014-01-29 02:16:07'),
	(222,23041086564,1,'2012-04-09',NULL,'2014-01-29 02:16:07'),
	(223,23222735459,1,'2012-04-09',NULL,'2014-01-29 02:16:07'),
	(224,20312041252,1,'2010-09-01',NULL,'2014-01-29 02:16:07'),
	(225,27147084078,1,'2004-11-01',NULL,'2014-01-29 02:16:07'),
	(226,20307137926,1,'2006-05-01',NULL,'2014-01-29 02:16:07'),
	(227,20367318644,1,'2008-09-01',NULL,'2014-01-29 02:16:07'),
	(228,20145865167,1,'2003-12-01',NULL,'2014-01-29 02:16:07'),
	(229,20145132178,1,'2003-12-01',NULL,'2014-01-29 02:16:08'),
	(230,20127737453,1,'2003-10-01',NULL,'2014-01-29 02:16:08'),
	(231,20116647681,1,'2012-02-03',NULL,'2014-01-29 02:16:08'),
	(232,20107259946,1,'2003-10-01',NULL,'2014-01-29 02:16:08'),
	(233,20267545627,1,'2004-08-01',NULL,'2014-01-29 02:16:08'),
	(234,27182290721,1,'2011-09-14',NULL,'2014-01-29 02:16:08'),
	(235,23275579459,1,'2011-09-14',NULL,'2014-01-29 02:16:08'),
	(236,20080473134,1,'2008-12-01',NULL,'2014-01-29 02:16:08'),
	(237,20181864754,1,'2002-01-01',NULL,'2014-01-29 02:16:08'),
	(238,20255027795,1,'2002-02-01',NULL,'2014-01-29 02:16:09'),
	(239,20161448355,1,'2002-06-01',NULL,'2014-01-29 02:16:09'),
	(240,20262057926,1,'2010-09-01',NULL,'2014-01-29 02:16:09'),
	(241,20257461387,1,'2012-02-03',NULL,'2014-01-29 02:16:09'),
	(242,20185347762,1,'2002-12-01',NULL,'2014-01-29 02:16:09'),
	(243,27254110715,1,'2003-01-01',NULL,'2014-01-29 02:16:09'),
	(244,27239413833,1,'2003-01-01',NULL,'2014-01-29 02:16:09'),
	(245,27217924435,1,'2003-01-01',NULL,'2014-01-29 02:16:09'),
	(246,27184737561,1,'2003-01-01',NULL,'2014-01-29 02:16:09'),
	(247,20315678502,1,'2006-02-01',NULL,'2014-01-29 02:16:09'),
	(248,20244043683,1,'2012-06-04',NULL,'2014-01-29 02:16:09'),
	(249,20295136570,1,'2008-11-01',NULL,'2014-01-29 02:16:09'),
	(250,27061334969,1,'2003-01-01',NULL,'2014-01-29 02:16:10'),
	(251,23926827049,1,'2003-01-01',NULL,'2014-01-29 02:16:10'),
	(252,20233161641,1,'2003-01-01',NULL,'2014-01-29 02:16:10'),
	(253,20175825380,1,'2003-01-01',NULL,'2014-01-29 02:16:10'),
	(254,27248878903,1,'2003-02-01',NULL,'2014-01-29 02:16:10'),
	(255,27231407168,1,'2003-02-01',NULL,'2014-01-29 02:16:10'),
	(256,20930194906,1,'2011-01-01',NULL,'2014-01-29 02:16:10'),
	(257,20265781919,1,'2011-09-14',NULL,'2014-01-29 02:16:10'),
	(258,20283874002,1,'2012-04-09',NULL,'2014-01-29 02:16:10'),
	(259,20281632214,1,'2012-04-09',NULL,'2014-01-29 02:16:10'),
	(260,27246973348,1,'2003-03-01',NULL,'2014-01-29 02:16:10'),
	(261,27134094368,1,'2003-03-01',NULL,'2014-01-29 02:16:10'),
	(262,27061943051,1,'2003-03-01',NULL,'2014-01-29 02:16:10'),
	(263,23264254019,1,'2011-11-02',NULL,'2014-01-29 02:16:10'),
	(264,23144716809,1,'2003-03-01',NULL,'2014-01-29 02:16:10'),
	(265,20177919781,1,'2003-03-01',NULL,'2014-01-29 02:16:11'),
	(266,27209736506,1,'2011-11-10',NULL,'2014-01-29 02:16:11'),
	(267,27226094313,1,'2011-11-10',NULL,'2014-01-29 02:16:11'),
	(268,27230256050,1,'2011-11-10',NULL,'2014-01-29 02:16:11'),
	(269,27231520207,1,'2011-11-10',NULL,'2014-01-29 02:16:11'),
	(270,27233624832,1,'2011-11-10',NULL,'2014-01-29 02:16:11'),
	(271,20182297403,1,'2003-04-01',NULL,'2014-01-29 02:16:11'),
	(272,27209314121,1,'2003-05-01',NULL,'2014-01-29 02:16:11'),
	(273,20225545619,1,'2003-05-01',NULL,'2014-01-29 02:16:11'),
	(274,20136768841,1,'2003-05-01',NULL,'2014-01-29 02:16:11'),
	(275,20103979219,1,'2003-05-01',NULL,'2014-01-29 02:16:11'),
	(276,27216334626,1,'2003-06-01',NULL,'2014-01-29 02:16:11'),
	(277,27147494748,1,'2003-06-01',NULL,'2014-01-29 02:16:11'),
	(278,23216345339,1,'2003-06-01',NULL,'2014-01-29 02:16:12'),
	(279,20235840694,1,'2003-06-01',NULL,'2014-01-29 02:16:12'),
	(280,20224554924,1,'2003-06-01',NULL,'2014-01-29 02:16:12'),
	(281,20171344809,1,'2003-07-01',NULL,'2014-01-29 02:16:12'),
	(282,27221467049,1,'2003-08-01',NULL,'2014-01-29 02:16:12'),
	(283,27173092151,1,'2003-08-01',NULL,'2014-01-29 02:16:12'),
	(284,20296854655,1,'2011-10-18',NULL,'2014-01-29 02:16:12'),
	(285,20297477677,1,'2011-10-18',NULL,'2014-01-29 02:16:12'),
	(286,20300371575,1,'2011-10-18',NULL,'2014-01-29 02:16:12'),
	(287,20303213067,1,'2011-10-18',NULL,'2014-01-29 02:16:12'),
	(288,20304052008,1,'2011-10-18',NULL,'2014-01-29 02:16:12'),
	(289,27121806725,1,'2011-11-21',NULL,'2014-01-29 02:16:12'),
	(290,27134361064,1,'2011-11-21',NULL,'2014-01-29 02:16:12'),
	(291,27148362632,1,'2011-11-21',NULL,'2014-01-29 02:16:12'),
	(292,27165183253,1,'2011-11-21',NULL,'2014-01-29 02:16:12'),
	(293,27173985679,1,'2011-11-21',NULL,'2014-01-29 02:16:13'),
	(294,27186732702,1,'2011-11-21',NULL,'2014-01-29 02:16:13'),
	(295,20246381098,1,'2003-08-01',NULL,'2014-01-29 02:16:13'),
	(296,27186162248,1,'2003-09-01',NULL,'2014-01-29 02:16:13'),
	(297,20181693615,1,'2003-09-01',NULL,'2014-01-29 02:16:13'),
	(298,20163343542,1,'2003-09-01',NULL,'2014-01-29 02:16:13'),
	(299,20081844527,1,'2003-09-01',NULL,'2014-01-29 02:16:13'),
	(300,27208159831,1,'2003-10-01',NULL,'2014-01-29 02:16:13'),
	(301,23145889774,1,'2011-12-01',NULL,'2014-01-29 02:16:13'),
	(302,20930847330,1,'2009-12-01',NULL,'2014-01-29 02:22:39'),
	(303,23266782489,1,'2012-04-09',NULL,'2014-01-29 02:23:59'),
	(304,20248785471,1,'2012-02-03',NULL,'2014-01-29 02:23:59'),
	(305,20313476171,1,'2011-01-01',NULL,'2014-01-29 02:23:59'),
	(306,20301652403,1,'2009-03-01',NULL,'2014-01-29 02:23:59'),
	(307,20301275545,1,'2004-12-01',NULL,'2014-01-29 02:23:59'),
	(308,27206977014,1,'2011-11-21',NULL,'2014-01-29 02:23:59'),
	(309,27211156061,1,'2011-11-21',NULL,'2014-01-29 02:23:59'),
	(310,27226108799,1,'2011-11-21',NULL,'2014-01-29 02:23:59'),
	(311,27232741584,1,'2011-11-21',NULL,'2014-01-29 02:23:59'),
	(312,27241069058,1,'2011-11-21',NULL,'2014-01-29 02:23:59'),
	(313,20296736474,1,'2005-08-01',NULL,'2014-01-29 02:23:59'),
	(314,20306627938,1,'2011-10-18',NULL,'2014-01-29 02:23:59'),
	(315,20309109962,1,'2011-10-18',NULL,'2014-01-29 02:24:00'),
	(316,20288899585,1,'2005-03-01',NULL,'2014-01-29 02:24:00'),
	(317,20280030431,1,'2004-02-01',NULL,'2014-01-29 02:24:00'),
	(318,20220067867,1,'2011-04-08',NULL,'2014-01-29 02:24:00'),
	(319,20245720182,1,'2012-01-09',NULL,'2014-01-29 02:24:00'),
	(320,20215429122,1,'2011-04-08',NULL,'2014-01-29 02:24:00'),
	(321,20278001165,1,'2004-04-01',NULL,'2014-01-29 02:24:00'),
	(322,23249546089,1,'2011-06-03',NULL,'2014-01-29 02:24:00'),
	(323,23203907419,1,'2011-11-02',NULL,'2014-01-29 02:24:00'),
	(324,23252645594,1,'2011-12-01',NULL,'2014-01-29 02:24:00'),
	(325,23358621244,1,'2011-12-01',NULL,'2014-01-29 02:24:00'),
	(326,20274341530,1,'2004-04-01',NULL,'2014-01-29 02:24:00'),
	(327,27134383572,1,'2011-12-01',NULL,'2014-01-29 02:24:00'),
	(328,20258006721,1,'2012-06-04',NULL,'2014-01-29 02:24:00'),
	(329,20259557845,1,'2012-06-04',NULL,'2014-01-29 02:24:00'),
	(330,20265857338,1,'2004-09-01',NULL,'2014-01-29 02:24:00'),
	(331,20307373719,1,'2012-08-14',NULL,'2014-01-29 02:24:00'),
	(332,20260516877,1,'2003-12-01',NULL,'2014-01-29 02:24:00'),
	(333,20260172884,1,'2004-06-01',NULL,'2014-01-29 02:24:00'),
	(334,27233197748,1,'2009-10-06',NULL,'2014-01-29 02:24:01'),
	(335,20259300275,1,'2003-12-01',NULL,'2014-01-29 02:24:01'),
	(336,20229965825,1,'2011-12-01',NULL,'2014-01-29 02:24:01'),
	(337,20262832601,1,'2011-12-01',NULL,'2014-01-29 02:24:01'),
	(338,27293910184,1,'2011-09-14',NULL,'2014-01-29 02:24:01'),
	(339,27293694317,1,'2011-12-07',NULL,'2014-01-29 02:24:01'),
	(340,20286348875,1,'2011-04-08',NULL,'2014-01-29 02:24:01'),
	(341,20251700916,1,'2004-03-01',NULL,'2014-01-29 02:24:01'),
	(342,20248506084,1,'2003-09-01',NULL,'2014-01-29 02:24:01'),
	(343,20246493457,1,'2005-09-01',NULL,'2014-01-29 02:24:01'),
	(344,20245376198,1,'2004-10-01',NULL,'2014-01-29 02:24:01'),
	(345,20305848574,1,'2012-12-11',NULL,'2014-01-29 02:24:01'),
	(346,20342751785,1,'2012-12-11',NULL,'2014-01-29 02:24:01'),
	(347,23336036089,1,'2012-12-11',NULL,'2014-01-29 02:24:01'),
	(348,20946893979,1,'2012-04-09',NULL,'2014-01-29 02:24:01'),
	(349,23041086564,1,'2012-04-09',NULL,'2014-01-29 02:24:01'),
	(350,23222735459,1,'2012-04-09',NULL,'2014-01-29 02:24:01'),
	(351,20312041252,1,'2010-09-01',NULL,'2014-01-29 02:24:01'),
	(352,27147084078,1,'2004-11-01',NULL,'2014-01-29 02:24:01'),
	(353,20307137926,1,'2006-05-01',NULL,'2014-01-29 02:24:01'),
	(354,20367318644,1,'2008-09-01',NULL,'2014-01-29 02:24:01'),
	(355,20145865167,1,'2003-12-01',NULL,'2014-01-29 02:24:02'),
	(356,20145132178,1,'2003-12-01',NULL,'2014-01-29 02:24:02'),
	(357,20127737453,1,'2003-10-01',NULL,'2014-01-29 02:24:02'),
	(358,20116647681,1,'2012-02-03',NULL,'2014-01-29 02:24:02'),
	(359,20107259946,1,'2003-10-01',NULL,'2014-01-29 02:24:02'),
	(360,20267545627,1,'2004-08-01',NULL,'2014-01-29 02:24:02'),
	(361,27182290721,1,'2011-09-14',NULL,'2014-01-29 02:24:02'),
	(362,23275579459,1,'2011-09-14',NULL,'2014-01-29 02:24:02'),
	(363,20080473134,1,'2008-12-01',NULL,'2014-01-29 02:24:02'),
	(364,20181864754,1,'2002-01-01',NULL,'2014-01-29 02:24:02'),
	(365,20255027795,1,'2002-02-01',NULL,'2014-01-29 02:24:02'),
	(366,20161448355,1,'2002-06-01',NULL,'2014-01-29 02:24:02'),
	(367,20262057926,1,'2010-09-01',NULL,'2014-01-29 02:24:03'),
	(368,20257461387,1,'2012-02-03',NULL,'2014-01-29 02:24:03'),
	(369,20185347762,1,'2002-12-01',NULL,'2014-01-29 02:24:03'),
	(370,27254110715,1,'2003-01-01',NULL,'2014-01-29 02:24:03'),
	(371,27239413833,1,'2003-01-01',NULL,'2014-01-29 02:24:03'),
	(372,27217924435,1,'2003-01-01',NULL,'2014-01-29 02:24:03'),
	(373,27184737561,1,'2003-01-01',NULL,'2014-01-29 02:24:03'),
	(374,20315678502,1,'2006-02-01',NULL,'2014-01-29 02:24:03'),
	(375,20244043683,1,'2012-06-04',NULL,'2014-01-29 02:24:03'),
	(376,20295136570,1,'2008-11-01',NULL,'2014-01-29 02:24:03'),
	(377,27061334969,1,'2003-01-01',NULL,'2014-01-29 02:24:03'),
	(378,23926827049,1,'2003-01-01',NULL,'2014-01-29 02:24:03'),
	(379,20233161641,1,'2003-01-01',NULL,'2014-01-29 02:24:03'),
	(380,20175825380,1,'2003-01-01',NULL,'2014-01-29 02:24:03'),
	(381,27248878903,1,'2003-02-01',NULL,'2014-01-29 02:24:03'),
	(382,27231407168,1,'2003-02-01',NULL,'2014-01-29 02:24:03'),
	(383,20930194906,1,'2011-01-01',NULL,'2014-01-29 02:24:03'),
	(384,20265781919,1,'2011-09-14',NULL,'2014-01-29 02:24:03'),
	(385,20283874002,1,'2012-04-09',NULL,'2014-01-29 02:24:03'),
	(386,20281632214,1,'2012-04-09',NULL,'2014-01-29 02:24:03'),
	(387,27246973348,1,'2003-03-01',NULL,'2014-01-29 02:24:04'),
	(388,27134094368,1,'2003-03-01',NULL,'2014-01-29 02:24:04'),
	(389,27061943051,1,'2003-03-01',NULL,'2014-01-29 02:24:04'),
	(390,23264254019,1,'2011-11-02',NULL,'2014-01-29 02:24:04'),
	(391,23144716809,1,'2003-03-01',NULL,'2014-01-29 02:24:04'),
	(392,20177919781,1,'2003-03-01',NULL,'2014-01-29 02:24:04'),
	(393,27209736506,1,'2011-11-10',NULL,'2014-01-29 02:24:04'),
	(394,27226094313,1,'2011-11-10',NULL,'2014-01-29 02:24:04'),
	(395,27230256050,1,'2011-11-10',NULL,'2014-01-29 02:24:04'),
	(396,27231520207,1,'2011-11-10',NULL,'2014-01-29 02:24:04'),
	(397,27233624832,1,'2011-11-10',NULL,'2014-01-29 02:24:04'),
	(398,20182297403,1,'2003-04-01',NULL,'2014-01-29 02:24:04'),
	(399,27209314121,1,'2003-05-01',NULL,'2014-01-29 02:24:04'),
	(400,20225545619,1,'2003-05-01',NULL,'2014-01-29 02:24:04'),
	(401,20136768841,1,'2003-05-01',NULL,'2014-01-29 02:24:04'),
	(402,20103979219,1,'2003-05-01',NULL,'2014-01-29 02:24:04'),
	(403,27216334626,1,'2003-06-01',NULL,'2014-01-29 02:24:04'),
	(404,27147494748,1,'2003-06-01',NULL,'2014-01-29 02:24:04'),
	(405,23216345339,1,'2003-06-01',NULL,'2014-01-29 02:24:04'),
	(406,20235840694,1,'2003-06-01',NULL,'2014-01-29 02:24:04'),
	(407,20224554924,1,'2003-06-01',NULL,'2014-01-29 02:24:05'),
	(408,20171344809,1,'2003-07-01',NULL,'2014-01-29 02:24:05'),
	(409,27221467049,1,'2003-08-01',NULL,'2014-01-29 02:24:05'),
	(410,27173092151,1,'2003-08-01',NULL,'2014-01-29 02:24:05'),
	(411,20296854655,1,'2011-10-18',NULL,'2014-01-29 02:24:05'),
	(412,20297477677,1,'2011-10-18',NULL,'2014-01-29 02:24:05'),
	(413,20300371575,1,'2011-10-18',NULL,'2014-01-29 02:24:05'),
	(414,20303213067,1,'2011-10-18',NULL,'2014-01-29 02:24:05'),
	(415,20304052008,1,'2011-10-18',NULL,'2014-01-29 02:24:05'),
	(416,27121806725,1,'2011-11-21',NULL,'2014-01-29 02:24:05'),
	(417,27134361064,1,'2011-11-21',NULL,'2014-01-29 02:24:05'),
	(418,27148362632,1,'2011-11-21',NULL,'2014-01-29 02:24:05'),
	(419,27165183253,1,'2011-11-21',NULL,'2014-01-29 02:24:05'),
	(420,27173985679,1,'2011-11-21',NULL,'2014-01-29 02:24:05'),
	(421,27186732702,1,'2011-11-21',NULL,'2014-01-29 02:24:05'),
	(422,20246381098,1,'2003-08-01',NULL,'2014-01-29 02:24:05'),
	(423,27186162248,1,'2003-09-01',NULL,'2014-01-29 02:24:05'),
	(424,20181693615,1,'2003-09-01',NULL,'2014-01-29 02:24:05'),
	(425,20163343542,1,'2003-09-01',NULL,'2014-01-29 02:24:06'),
	(426,20081844527,1,'2003-09-01',NULL,'2014-01-29 02:24:06'),
	(427,27208159831,1,'2003-10-01',NULL,'2014-01-29 02:24:06'),
	(428,23145889774,1,'2011-12-01',NULL,'2014-01-29 02:24:06'),
	(429,23266782489,1,'2012-04-09',NULL,'2014-01-29 02:24:46'),
	(430,20248785471,1,'2012-02-03',NULL,'2014-01-29 02:24:46'),
	(431,20313476171,1,'2011-01-01',NULL,'2014-01-29 02:24:46'),
	(432,20301652403,1,'2009-03-01',NULL,'2014-01-29 02:24:46'),
	(433,20301275545,1,'2004-12-01',NULL,'2014-01-29 02:24:47'),
	(434,27206977014,1,'2011-11-21',NULL,'2014-01-29 02:24:47'),
	(435,27211156061,1,'2011-11-21',NULL,'2014-01-29 02:24:47'),
	(436,27226108799,1,'2011-11-21',NULL,'2014-01-29 02:24:47'),
	(437,27232741584,1,'2011-11-21',NULL,'2014-01-29 02:24:47'),
	(438,27241069058,1,'2011-11-21',NULL,'2014-01-29 02:24:47'),
	(439,20296736474,1,'2005-08-01',NULL,'2014-01-29 02:24:47'),
	(440,20306627938,1,'2011-10-18',NULL,'2014-01-29 02:24:47'),
	(441,20309109962,1,'2011-10-18',NULL,'2014-01-29 02:24:47'),
	(442,20288899585,1,'2005-03-01',NULL,'2014-01-29 02:24:47'),
	(443,20280030431,1,'2004-02-01',NULL,'2014-01-29 02:24:47'),
	(444,20220067867,1,'2011-04-08',NULL,'2014-01-29 02:24:47'),
	(445,20245720182,1,'2012-01-09',NULL,'2014-01-29 02:24:47'),
	(446,20215429122,1,'2011-04-08',NULL,'2014-01-29 02:24:47'),
	(447,20278001165,1,'2004-04-01',NULL,'2014-01-29 02:24:47'),
	(448,23249546089,1,'2011-06-03',NULL,'2014-01-29 02:24:47'),
	(449,23203907419,1,'2011-11-02',NULL,'2014-01-29 02:24:47'),
	(450,23252645594,1,'2011-12-01',NULL,'2014-01-29 02:24:47'),
	(451,23358621244,1,'2011-12-01',NULL,'2014-01-29 02:24:47'),
	(452,20274341530,1,'2004-04-01',NULL,'2014-01-29 02:24:47'),
	(453,27134383572,1,'2011-12-01',NULL,'2014-01-29 02:24:48'),
	(454,20258006721,1,'2012-06-04',NULL,'2014-01-29 02:24:48'),
	(455,20259557845,1,'2012-06-04',NULL,'2014-01-29 02:24:48'),
	(456,20265857338,1,'2004-09-01',NULL,'2014-01-29 02:24:48'),
	(457,20307373719,1,'2012-08-14',NULL,'2014-01-29 02:24:48'),
	(458,20260516877,1,'2003-12-01',NULL,'2014-01-29 02:24:48'),
	(459,20260172884,1,'2004-06-01',NULL,'2014-01-29 02:24:48'),
	(460,27233197748,1,'2009-10-06',NULL,'2014-01-29 02:24:48'),
	(461,20259300275,1,'2003-12-01',NULL,'2014-01-29 02:24:48'),
	(462,20229965825,1,'2011-12-01',NULL,'2014-01-29 02:24:48'),
	(463,20262832601,1,'2011-12-01',NULL,'2014-01-29 02:24:48'),
	(464,27293910184,1,'2011-09-14',NULL,'2014-01-29 02:24:48'),
	(465,27293694317,1,'2011-12-07',NULL,'2014-01-29 02:24:48'),
	(466,20286348875,1,'2011-04-08',NULL,'2014-01-29 02:24:48'),
	(467,20251700916,1,'2004-03-01',NULL,'2014-01-29 02:24:48'),
	(468,20248506084,1,'2003-09-01',NULL,'2014-01-29 02:24:48'),
	(469,20246493457,1,'2005-09-01',NULL,'2014-01-29 02:24:48'),
	(470,20245376198,1,'2004-10-01',NULL,'2014-01-29 02:24:48'),
	(471,20305848574,1,'2012-12-11',NULL,'2014-01-29 02:24:48'),
	(472,20342751785,1,'2012-12-11',NULL,'2014-01-29 02:24:48'),
	(473,23336036089,1,'2012-12-11',NULL,'2014-01-29 02:24:48'),
	(474,20946893979,1,'2012-04-09',NULL,'2014-01-29 02:24:48'),
	(475,23041086564,1,'2012-04-09',NULL,'2014-01-29 02:24:48'),
	(476,23222735459,1,'2012-04-09',NULL,'2014-01-29 02:24:49'),
	(477,20312041252,1,'2010-09-01',NULL,'2014-01-29 02:24:49'),
	(478,27147084078,1,'2004-11-01',NULL,'2014-01-29 02:24:49'),
	(479,20307137926,1,'2006-05-01',NULL,'2014-01-29 02:24:49'),
	(480,20367318644,1,'2008-09-01',NULL,'2014-01-29 02:24:49'),
	(481,20145865167,1,'2003-12-01',NULL,'2014-01-29 02:24:49'),
	(482,20145132178,1,'2003-12-01',NULL,'2014-01-29 02:24:49'),
	(483,20127737453,1,'2003-10-01',NULL,'2014-01-29 02:24:49'),
	(484,20116647681,1,'2012-02-03',NULL,'2014-01-29 02:24:49'),
	(485,20107259946,1,'2003-10-01',NULL,'2014-01-29 02:24:49'),
	(486,20267545627,1,'2004-08-01',NULL,'2014-01-29 02:24:49'),
	(487,27182290721,1,'2011-09-14',NULL,'2014-01-29 02:24:49'),
	(488,23275579459,1,'2011-09-14',NULL,'2014-01-29 02:24:49'),
	(489,20080473134,1,'2008-12-01',NULL,'2014-01-29 02:24:49'),
	(490,20181864754,1,'2002-01-01',NULL,'2014-01-29 02:24:49'),
	(491,20255027795,1,'2002-02-01',NULL,'2014-01-29 02:24:50'),
	(492,20161448355,1,'2002-06-01',NULL,'2014-01-29 02:24:50'),
	(493,20262057926,1,'2010-09-01',NULL,'2014-01-29 02:24:50'),
	(494,20257461387,1,'2012-02-03',NULL,'2014-01-29 02:24:50'),
	(495,20185347762,1,'2002-12-01',NULL,'2014-01-29 02:24:50'),
	(496,27254110715,1,'2003-01-01',NULL,'2014-01-29 02:24:50'),
	(497,27239413833,1,'2003-01-01',NULL,'2014-01-29 02:24:50'),
	(498,27217924435,1,'2003-01-01',NULL,'2014-01-29 02:24:50'),
	(499,27184737561,1,'2003-01-01',NULL,'2014-01-29 02:24:50'),
	(500,20315678502,1,'2006-02-01',NULL,'2014-01-29 02:24:50'),
	(501,20244043683,1,'2012-06-04',NULL,'2014-01-29 02:24:50'),
	(502,20295136570,1,'2008-11-01',NULL,'2014-01-29 02:24:50'),
	(503,27061334969,1,'2003-01-01',NULL,'2014-01-29 02:24:50'),
	(504,23926827049,1,'2003-01-01',NULL,'2014-01-29 02:24:50'),
	(505,20233161641,1,'2003-01-01',NULL,'2014-01-29 02:24:50'),
	(506,20175825380,1,'2003-01-01',NULL,'2014-01-29 02:24:50'),
	(507,27248878903,1,'2003-02-01',NULL,'2014-01-29 02:24:50'),
	(508,27231407168,1,'2003-02-01',NULL,'2014-01-29 02:24:51'),
	(509,20930194906,1,'2011-01-01',NULL,'2014-01-29 02:24:51'),
	(510,20265781919,1,'2011-09-14',NULL,'2014-01-29 02:24:51'),
	(511,20283874002,1,'2012-04-09',NULL,'2014-01-29 02:24:51'),
	(512,20281632214,1,'2012-04-09',NULL,'2014-01-29 02:24:51'),
	(513,27246973348,1,'2003-03-01',NULL,'2014-01-29 02:24:51'),
	(514,27134094368,1,'2003-03-01',NULL,'2014-01-29 02:24:51'),
	(515,27061943051,1,'2003-03-01',NULL,'2014-01-29 02:24:51'),
	(516,23264254019,1,'2011-11-02',NULL,'2014-01-29 02:24:51'),
	(517,23144716809,1,'2003-03-01',NULL,'2014-01-29 02:24:51'),
	(518,20177919781,1,'2003-03-01',NULL,'2014-01-29 02:24:51'),
	(519,27209736506,1,'2011-11-10',NULL,'2014-01-29 02:24:51'),
	(520,27226094313,1,'2011-11-10',NULL,'2014-01-29 02:24:51'),
	(521,27230256050,1,'2011-11-10',NULL,'2014-01-29 02:24:51'),
	(522,27231520207,1,'2011-11-10',NULL,'2014-01-29 02:24:51'),
	(523,27233624832,1,'2011-11-10',NULL,'2014-01-29 02:24:51'),
	(524,20182297403,1,'2003-04-01',NULL,'2014-01-29 02:24:51'),
	(525,27209314121,1,'2003-05-01',NULL,'2014-01-29 02:24:51'),
	(526,20225545619,1,'2003-05-01',NULL,'2014-01-29 02:24:51'),
	(527,20136768841,1,'2003-05-01',NULL,'2014-01-29 02:24:52'),
	(528,20103979219,1,'2003-05-01',NULL,'2014-01-29 02:24:52'),
	(529,27216334626,1,'2003-06-01',NULL,'2014-01-29 02:24:52'),
	(530,27147494748,1,'2003-06-01',NULL,'2014-01-29 02:24:52'),
	(531,23216345339,1,'2003-06-01',NULL,'2014-01-29 02:24:52'),
	(532,20235840694,1,'2003-06-01',NULL,'2014-01-29 02:24:52'),
	(533,20224554924,1,'2003-06-01',NULL,'2014-01-29 02:24:52'),
	(534,20171344809,1,'2003-07-01',NULL,'2014-01-29 02:24:52'),
	(535,27221467049,1,'2003-08-01',NULL,'2014-01-29 02:24:52'),
	(536,27173092151,1,'2003-08-01',NULL,'2014-01-29 02:24:52'),
	(537,20296854655,1,'2011-10-18',NULL,'2014-01-29 02:24:52'),
	(538,20297477677,1,'2011-10-18',NULL,'2014-01-29 02:24:52'),
	(539,20300371575,1,'2011-10-18',NULL,'2014-01-29 02:24:52'),
	(540,20303213067,1,'2011-10-18',NULL,'2014-01-29 02:24:52'),
	(541,20304052008,1,'2011-10-18',NULL,'2014-01-29 02:24:52'),
	(542,27121806725,1,'2011-11-21',NULL,'2014-01-29 02:24:52'),
	(543,27134361064,1,'2011-11-21',NULL,'2014-01-29 02:24:52'),
	(544,27148362632,1,'2011-11-21',NULL,'2014-01-29 02:24:52'),
	(545,27165183253,1,'2011-11-21',NULL,'2014-01-29 02:24:52'),
	(546,27173985679,1,'2011-11-21',NULL,'2014-01-29 02:24:52'),
	(547,27186732702,1,'2011-11-21',NULL,'2014-01-29 02:24:52'),
	(548,20246381098,1,'2003-08-01',NULL,'2014-01-29 02:24:53'),
	(549,27186162248,1,'2003-09-01',NULL,'2014-01-29 02:24:53'),
	(550,20181693615,1,'2003-09-01',NULL,'2014-01-29 02:24:53'),
	(551,20163343542,1,'2003-09-01',NULL,'2014-01-29 02:24:53'),
	(552,20081844527,1,'2003-09-01',NULL,'2014-01-29 02:24:53'),
	(553,27208159831,1,'2003-10-01',NULL,'2014-01-29 02:24:53'),
	(554,23145889774,1,'2011-12-01',NULL,'2014-01-29 02:24:53'),
	(555,23266782489,1,'2012-04-09',NULL,'2014-01-29 02:29:04'),
	(556,20248785471,1,'2012-02-03',NULL,'2014-01-29 02:29:04'),
	(557,20313476171,1,'2011-01-01',NULL,'2014-01-29 02:29:04'),
	(558,20301652403,1,'2009-03-01',NULL,'2014-01-29 02:29:04'),
	(559,20301275545,1,'2004-12-01',NULL,'2014-01-29 02:29:04'),
	(560,27206977014,1,'2011-11-21',NULL,'2014-01-29 02:29:04'),
	(561,27211156061,1,'2011-11-21',NULL,'2014-01-29 02:29:04'),
	(562,27226108799,1,'2011-11-21',NULL,'2014-01-29 02:29:04'),
	(563,27232741584,1,'2011-11-21',NULL,'2014-01-29 02:29:04'),
	(564,27241069058,1,'2011-11-21',NULL,'2014-01-29 02:29:04'),
	(565,20296736474,1,'2005-08-01',NULL,'2014-01-29 02:29:04'),
	(566,20306627938,1,'2011-10-18',NULL,'2014-01-29 02:29:04'),
	(567,20309109962,1,'2011-10-18',NULL,'2014-01-29 02:29:04'),
	(568,20288899585,1,'2005-03-01',NULL,'2014-01-29 02:29:04'),
	(569,20280030431,1,'2004-02-01',NULL,'2014-01-29 02:29:04'),
	(570,20220067867,1,'2011-04-08',NULL,'2014-01-29 02:29:04'),
	(571,20245720182,1,'2012-01-09',NULL,'2014-01-29 02:29:04'),
	(572,20215429122,1,'2011-04-08',NULL,'2014-01-29 02:29:04'),
	(573,20278001165,1,'2004-04-01',NULL,'2014-01-29 02:29:04'),
	(574,23249546089,1,'2011-06-03',NULL,'2014-01-29 02:29:04'),
	(575,23203907419,1,'2011-11-02',NULL,'2014-01-29 02:29:04'),
	(576,23252645594,1,'2011-12-01',NULL,'2014-01-29 02:29:04'),
	(577,23358621244,1,'2011-12-01',NULL,'2014-01-29 02:29:04'),
	(578,20274341530,1,'2004-04-01',NULL,'2014-01-29 02:29:05'),
	(579,27134383572,1,'2011-12-01',NULL,'2014-01-29 02:29:05'),
	(580,20258006721,1,'2012-06-04',NULL,'2014-01-29 02:29:05'),
	(581,20259557845,1,'2012-06-04',NULL,'2014-01-29 02:29:05'),
	(582,20265857338,1,'2004-09-01',NULL,'2014-01-29 02:29:05'),
	(583,20307373719,1,'2012-08-14',NULL,'2014-01-29 02:29:05'),
	(584,20260516877,1,'2003-12-01',NULL,'2014-01-29 02:29:05'),
	(585,20260172884,1,'2004-06-01',NULL,'2014-01-29 02:29:05'),
	(586,27233197748,1,'2009-10-06',NULL,'2014-01-29 02:29:05'),
	(587,20259300275,1,'2003-12-01',NULL,'2014-01-29 02:29:05'),
	(588,20229965825,1,'2011-12-01',NULL,'2014-01-29 02:29:05'),
	(589,20262832601,1,'2011-12-01',NULL,'2014-01-29 02:29:05'),
	(590,27293910184,1,'2011-09-14',NULL,'2014-01-29 02:29:05'),
	(591,27293694317,1,'2011-12-07',NULL,'2014-01-29 02:29:05'),
	(592,20286348875,1,'2011-04-08',NULL,'2014-01-29 02:29:05'),
	(593,20251700916,1,'2004-03-01',NULL,'2014-01-29 02:29:05'),
	(594,20248506084,1,'2003-09-01',NULL,'2014-01-29 02:29:05'),
	(595,20246493457,1,'2005-09-01',NULL,'2014-01-29 02:29:05'),
	(596,20245376198,1,'2004-10-01',NULL,'2014-01-29 02:29:05'),
	(597,20305848574,1,'2012-12-11',NULL,'2014-01-29 02:29:05'),
	(598,20342751785,1,'2012-12-11',NULL,'2014-01-29 02:29:05'),
	(599,23336036089,1,'2012-12-11',NULL,'2014-01-29 02:29:05'),
	(600,20946893979,1,'2012-04-09',NULL,'2014-01-29 02:29:05'),
	(601,23041086564,1,'2012-04-09',NULL,'2014-01-29 02:29:06'),
	(602,23222735459,1,'2012-04-09',NULL,'2014-01-29 02:29:06'),
	(603,20312041252,1,'2010-09-01',NULL,'2014-01-29 02:29:06'),
	(604,27147084078,1,'2004-11-01',NULL,'2014-01-29 02:29:06'),
	(605,20307137926,1,'2006-05-01',NULL,'2014-01-29 02:29:06'),
	(606,20367318644,1,'2008-09-01',NULL,'2014-01-29 02:29:06'),
	(607,20145865167,1,'2003-12-01',NULL,'2014-01-29 02:29:06'),
	(608,20145132178,1,'2003-12-01',NULL,'2014-01-29 02:29:06'),
	(609,20127737453,1,'2003-10-01',NULL,'2014-01-29 02:29:06'),
	(610,20116647681,1,'2012-02-03',NULL,'2014-01-29 02:29:06'),
	(611,20107259946,1,'2003-10-01',NULL,'2014-01-29 02:29:06'),
	(612,20267545627,1,'2004-08-01',NULL,'2014-01-29 02:29:06'),
	(613,27182290721,1,'2011-09-14',NULL,'2014-01-29 02:29:06'),
	(614,23275579459,1,'2011-09-14',NULL,'2014-01-29 02:29:06'),
	(615,20080473134,1,'2008-12-01',NULL,'2014-01-29 02:29:06'),
	(616,20181864754,1,'2002-01-01',NULL,'2014-01-29 02:29:06'),
	(617,20255027795,1,'2002-02-01',NULL,'2014-01-29 02:29:06'),
	(618,20161448355,1,'2002-06-01',NULL,'2014-01-29 02:29:06'),
	(619,20262057926,1,'2010-09-01',NULL,'2014-01-29 02:29:06'),
	(620,20257461387,1,'2012-02-03',NULL,'2014-01-29 02:29:06'),
	(621,20185347762,1,'2002-12-01',NULL,'2014-01-29 02:29:06'),
	(622,27254110715,1,'2003-01-01',NULL,'2014-01-29 02:29:06'),
	(623,27239413833,1,'2003-01-01',NULL,'2014-01-29 02:29:07'),
	(624,27217924435,1,'2003-01-01',NULL,'2014-01-29 02:29:07'),
	(625,27184737561,1,'2003-01-01',NULL,'2014-01-29 02:29:07'),
	(626,20315678502,1,'2006-02-01',NULL,'2014-01-29 02:29:07'),
	(627,20244043683,1,'2012-06-04',NULL,'2014-01-29 02:29:07'),
	(628,20295136570,1,'2008-11-01',NULL,'2014-01-29 02:29:07'),
	(629,27061334969,1,'2003-01-01',NULL,'2014-01-29 02:29:07'),
	(630,23926827049,1,'2003-01-01',NULL,'2014-01-29 02:29:07'),
	(631,20233161641,1,'2003-01-01',NULL,'2014-01-29 02:29:07'),
	(632,20175825380,1,'2003-01-01',NULL,'2014-01-29 02:29:07'),
	(633,27248878903,1,'2003-02-01',NULL,'2014-01-29 02:29:07'),
	(634,27231407168,1,'2003-02-01',NULL,'2014-01-29 02:29:07'),
	(635,20930194906,1,'2011-01-01',NULL,'2014-01-29 02:29:07'),
	(636,20265781919,1,'2011-09-14',NULL,'2014-01-29 02:29:07'),
	(637,20283874002,1,'2012-04-09',NULL,'2014-01-29 02:29:07'),
	(638,20281632214,1,'2012-04-09',NULL,'2014-01-29 02:29:07'),
	(639,27246973348,1,'2003-03-01',NULL,'2014-01-29 02:29:07'),
	(640,27134094368,1,'2003-03-01',NULL,'2014-01-29 02:29:07'),
	(641,27061943051,1,'2003-03-01',NULL,'2014-01-29 02:29:07'),
	(642,23264254019,1,'2011-11-02',NULL,'2014-01-29 02:29:07'),
	(643,23144716809,1,'2003-03-01',NULL,'2014-01-29 02:29:07'),
	(644,20177919781,1,'2003-03-01',NULL,'2014-01-29 02:29:07'),
	(645,27209736506,1,'2011-11-10',NULL,'2014-01-29 02:29:07'),
	(646,27226094313,1,'2011-11-10',NULL,'2014-01-29 02:29:07'),
	(647,27230256050,1,'2011-11-10',NULL,'2014-01-29 02:29:07'),
	(648,27231520207,1,'2011-11-10',NULL,'2014-01-29 02:29:07'),
	(649,27233624832,1,'2011-11-10',NULL,'2014-01-29 02:29:07'),
	(650,20182297403,1,'2003-04-01',NULL,'2014-01-29 02:29:07'),
	(651,27209314121,1,'2003-05-01',NULL,'2014-01-29 02:29:07'),
	(652,20225545619,1,'2003-05-01',NULL,'2014-01-29 02:29:07'),
	(653,20136768841,1,'2003-05-01',NULL,'2014-01-29 02:29:07'),
	(654,20103979219,1,'2003-05-01',NULL,'2014-01-29 02:29:07'),
	(655,27216334626,1,'2003-06-01',NULL,'2014-01-29 02:29:08'),
	(656,27147494748,1,'2003-06-01',NULL,'2014-01-29 02:29:08'),
	(657,23216345339,1,'2003-06-01',NULL,'2014-01-29 02:29:08'),
	(658,20235840694,1,'2003-06-01',NULL,'2014-01-29 02:29:08'),
	(659,20224554924,1,'2003-06-01',NULL,'2014-01-29 02:29:08'),
	(660,20171344809,1,'2003-07-01',NULL,'2014-01-29 02:29:08'),
	(661,27221467049,1,'2003-08-01',NULL,'2014-01-29 02:29:08'),
	(662,27173092151,1,'2003-08-01',NULL,'2014-01-29 02:29:08'),
	(663,20296854655,1,'2011-10-18',NULL,'2014-01-29 02:29:08'),
	(664,20297477677,1,'2011-10-18',NULL,'2014-01-29 02:29:08'),
	(665,20300371575,1,'2011-10-18',NULL,'2014-01-29 02:29:08'),
	(666,20303213067,1,'2011-10-18',NULL,'2014-01-29 02:29:08'),
	(667,20304052008,1,'2011-10-18',NULL,'2014-01-29 02:29:08'),
	(668,27121806725,1,'2011-11-21',NULL,'2014-01-29 02:29:08'),
	(669,27134361064,1,'2011-11-21',NULL,'2014-01-29 02:29:08'),
	(670,27148362632,1,'2011-11-21',NULL,'2014-01-29 02:29:08'),
	(671,27165183253,1,'2011-11-21',NULL,'2014-01-29 02:29:08'),
	(672,27173985679,1,'2011-11-21',NULL,'2014-01-29 02:29:08'),
	(673,27186732702,1,'2011-11-21',NULL,'2014-01-29 02:29:08'),
	(674,20246381098,1,'2003-08-01',NULL,'2014-01-29 02:29:08'),
	(675,27186162248,1,'2003-09-01',NULL,'2014-01-29 02:29:08'),
	(676,20181693615,1,'2003-09-01',NULL,'2014-01-29 02:29:08'),
	(677,20163343542,1,'2003-09-01',NULL,'2014-01-29 02:29:08'),
	(678,20081844527,1,'2003-09-01',NULL,'2014-01-29 02:29:08'),
	(679,27208159831,1,'2003-10-01',NULL,'2014-01-29 02:29:08'),
	(680,23145889774,1,'2011-12-01',NULL,'2014-01-29 02:29:08'),
	(681,23266782489,1,'2012-04-09',NULL,'2014-01-29 02:29:24'),
	(682,20248785471,1,'2012-02-03',NULL,'2014-01-29 02:29:24'),
	(683,20313476171,1,'2011-01-01',NULL,'2014-01-29 02:29:24'),
	(684,20301652403,1,'2009-03-01',NULL,'2014-01-29 02:29:24'),
	(685,20301275545,1,'2004-12-01',NULL,'2014-01-29 02:29:24'),
	(686,27206977014,1,'2011-11-21',NULL,'2014-01-29 02:29:24'),
	(687,27211156061,1,'2011-11-21',NULL,'2014-01-29 02:29:24'),
	(688,27226108799,1,'2011-11-21',NULL,'2014-01-29 02:29:24'),
	(689,27232741584,1,'2011-11-21',NULL,'2014-01-29 02:29:24'),
	(690,27241069058,1,'2011-11-21',NULL,'2014-01-29 02:29:24'),
	(691,20296736474,1,'2005-08-01',NULL,'2014-01-29 02:29:24'),
	(692,20306627938,1,'2011-10-18',NULL,'2014-01-29 02:29:25'),
	(693,20309109962,1,'2011-10-18',NULL,'2014-01-29 02:29:25'),
	(694,20288899585,1,'2005-03-01',NULL,'2014-01-29 02:29:25'),
	(695,20280030431,1,'2004-02-01',NULL,'2014-01-29 02:29:25'),
	(696,20220067867,1,'2011-04-08',NULL,'2014-01-29 02:29:25'),
	(697,20245720182,1,'2012-01-09',NULL,'2014-01-29 02:29:25'),
	(698,20215429122,1,'2011-04-08',NULL,'2014-01-29 02:29:25'),
	(699,20278001165,1,'2004-04-01',NULL,'2014-01-29 02:29:25'),
	(700,23249546089,1,'2011-06-03',NULL,'2014-01-29 02:29:25'),
	(701,23203907419,1,'2011-11-02',NULL,'2014-01-29 02:29:25'),
	(702,23252645594,1,'2011-12-01',NULL,'2014-01-29 02:29:25'),
	(703,23358621244,1,'2011-12-01',NULL,'2014-01-29 02:29:25'),
	(704,20274341530,1,'2004-04-01',NULL,'2014-01-29 02:29:25'),
	(705,27134383572,1,'2011-12-01',NULL,'2014-01-29 02:29:25'),
	(706,20258006721,1,'2012-06-04',NULL,'2014-01-29 02:29:25'),
	(707,20259557845,1,'2012-06-04',NULL,'2014-01-29 02:29:25'),
	(708,20265857338,1,'2004-09-01',NULL,'2014-01-29 02:29:25'),
	(709,20307373719,1,'2012-08-14',NULL,'2014-01-29 02:29:25'),
	(710,20260516877,1,'2003-12-01',NULL,'2014-01-29 02:29:25'),
	(711,20260172884,1,'2004-06-01',NULL,'2014-01-29 02:29:25'),
	(712,27233197748,1,'2009-10-06',NULL,'2014-01-29 02:29:25'),
	(713,20259300275,1,'2003-12-01',NULL,'2014-01-29 02:29:25'),
	(714,20229965825,1,'2011-12-01',NULL,'2014-01-29 02:29:26'),
	(715,20262832601,1,'2011-12-01',NULL,'2014-01-29 02:29:26'),
	(716,27293910184,1,'2011-09-14',NULL,'2014-01-29 02:29:26'),
	(717,27293694317,1,'2011-12-07',NULL,'2014-01-29 02:29:26'),
	(718,20286348875,1,'2011-04-08',NULL,'2014-01-29 02:29:26'),
	(719,20251700916,1,'2004-03-01',NULL,'2014-01-29 02:29:26'),
	(720,20248506084,1,'2003-09-01',NULL,'2014-01-29 02:29:26'),
	(721,20246493457,1,'2005-09-01',NULL,'2014-01-29 02:29:26'),
	(722,20245376198,1,'2004-10-01',NULL,'2014-01-29 02:29:26'),
	(723,20305848574,1,'2012-12-11',NULL,'2014-01-29 02:29:26'),
	(724,20342751785,1,'2012-12-11',NULL,'2014-01-29 02:29:26'),
	(725,23336036089,1,'2012-12-11',NULL,'2014-01-29 02:29:26'),
	(726,20946893979,1,'2012-04-09',NULL,'2014-01-29 02:29:26'),
	(727,23041086564,1,'2012-04-09',NULL,'2014-01-29 02:29:26'),
	(728,23222735459,1,'2012-04-09',NULL,'2014-01-29 02:29:26'),
	(729,20312041252,1,'2010-09-01',NULL,'2014-01-29 02:29:26'),
	(730,27147084078,1,'2004-11-01',NULL,'2014-01-29 02:29:27'),
	(731,20307137926,1,'2006-05-01',NULL,'2014-01-29 02:29:27'),
	(732,20367318644,1,'2008-09-01',NULL,'2014-01-29 02:29:27'),
	(733,20145865167,1,'2003-12-01',NULL,'2014-01-29 02:29:27'),
	(734,20145132178,1,'2003-12-01',NULL,'2014-01-29 02:29:27'),
	(735,20127737453,1,'2003-10-01',NULL,'2014-01-29 02:29:27'),
	(736,20116647681,1,'2012-02-03',NULL,'2014-01-29 02:29:27'),
	(737,20107259946,1,'2003-10-01',NULL,'2014-01-29 02:29:27'),
	(738,20267545627,1,'2004-08-01',NULL,'2014-01-29 02:29:27'),
	(739,27182290721,1,'2011-09-14',NULL,'2014-01-29 02:29:27'),
	(740,23275579459,1,'2011-09-14',NULL,'2014-01-29 02:29:27'),
	(741,20080473134,1,'2008-12-01',NULL,'2014-01-29 02:29:27'),
	(742,20181864754,1,'2002-01-01',NULL,'2014-01-29 02:29:27'),
	(743,20255027795,1,'2002-02-01',NULL,'2014-01-29 02:29:27'),
	(744,20161448355,1,'2002-06-01',NULL,'2014-01-29 02:29:28'),
	(745,20262057926,1,'2010-09-01',NULL,'2014-01-29 02:29:28'),
	(746,20257461387,1,'2012-02-03',NULL,'2014-01-29 02:29:28'),
	(747,20185347762,1,'2002-12-01',NULL,'2014-01-29 02:29:28'),
	(748,27254110715,1,'2003-01-01',NULL,'2014-01-29 02:29:28'),
	(749,27239413833,1,'2003-01-01',NULL,'2014-01-29 02:29:28'),
	(750,27217924435,1,'2003-01-01',NULL,'2014-01-29 02:29:28'),
	(751,27184737561,1,'2003-01-01',NULL,'2014-01-29 02:29:28'),
	(752,20315678502,1,'2006-02-01',NULL,'2014-01-29 02:29:28'),
	(753,20244043683,1,'2012-06-04',NULL,'2014-01-29 02:29:28'),
	(754,20295136570,1,'2008-11-01',NULL,'2014-01-29 02:29:28'),
	(755,27061334969,1,'2003-01-01',NULL,'2014-01-29 02:29:28'),
	(756,23926827049,1,'2003-01-01',NULL,'2014-01-29 02:29:28'),
	(757,20233161641,1,'2003-01-01',NULL,'2014-01-29 02:29:28'),
	(758,20175825380,1,'2003-01-01',NULL,'2014-01-29 02:29:28'),
	(759,27248878903,1,'2003-02-01',NULL,'2014-01-29 02:29:28'),
	(760,27231407168,1,'2003-02-01',NULL,'2014-01-29 02:29:28'),
	(761,20930194906,1,'2011-01-01',NULL,'2014-01-29 02:29:28'),
	(762,20265781919,1,'2011-09-14',NULL,'2014-01-29 02:29:29'),
	(763,20283874002,1,'2012-04-09',NULL,'2014-01-29 02:29:29'),
	(764,20281632214,1,'2012-04-09',NULL,'2014-01-29 02:29:29'),
	(765,27246973348,1,'2003-03-01',NULL,'2014-01-29 02:29:29'),
	(766,27134094368,1,'2003-03-01',NULL,'2014-01-29 02:29:29'),
	(767,27061943051,1,'2003-03-01',NULL,'2014-01-29 02:29:29'),
	(768,23264254019,1,'2011-11-02',NULL,'2014-01-29 02:29:29'),
	(769,23144716809,1,'2003-03-01',NULL,'2014-01-29 02:29:29'),
	(770,20177919781,1,'2003-03-01',NULL,'2014-01-29 02:29:29'),
	(771,27209736506,1,'2011-11-10',NULL,'2014-01-29 02:29:29'),
	(772,27226094313,1,'2011-11-10',NULL,'2014-01-29 02:29:29'),
	(773,27230256050,1,'2011-11-10',NULL,'2014-01-29 02:29:29'),
	(774,27231520207,1,'2011-11-10',NULL,'2014-01-29 02:29:29'),
	(775,27233624832,1,'2011-11-10',NULL,'2014-01-29 02:29:29'),
	(776,20182297403,1,'2003-04-01',NULL,'2014-01-29 02:29:29'),
	(777,27209314121,1,'2003-05-01',NULL,'2014-01-29 02:29:29'),
	(778,20225545619,1,'2003-05-01',NULL,'2014-01-29 02:29:29'),
	(779,20136768841,1,'2003-05-01',NULL,'2014-01-29 02:29:30'),
	(780,20103979219,1,'2003-05-01',NULL,'2014-01-29 02:29:30'),
	(781,27216334626,1,'2003-06-01',NULL,'2014-01-29 02:29:30'),
	(782,27147494748,1,'2003-06-01',NULL,'2014-01-29 02:29:30'),
	(783,23216345339,1,'2003-06-01',NULL,'2014-01-29 02:29:30'),
	(784,20235840694,1,'2003-06-01',NULL,'2014-01-29 02:29:30'),
	(785,20224554924,1,'2003-06-01',NULL,'2014-01-29 02:29:30'),
	(786,20171344809,1,'2003-07-01',NULL,'2014-01-29 02:29:30'),
	(787,27221467049,1,'2003-08-01',NULL,'2014-01-29 02:29:30'),
	(788,27173092151,1,'2003-08-01',NULL,'2014-01-29 02:29:30'),
	(789,20296854655,1,'2011-10-18',NULL,'2014-01-29 02:29:30'),
	(790,20297477677,1,'2011-10-18',NULL,'2014-01-29 02:29:30'),
	(791,20300371575,1,'2011-10-18',NULL,'2014-01-29 02:29:30'),
	(792,20303213067,1,'2011-10-18',NULL,'2014-01-29 02:29:30'),
	(793,20304052008,1,'2011-10-18',NULL,'2014-01-29 02:29:30'),
	(794,27121806725,1,'2011-11-21',NULL,'2014-01-29 02:29:30'),
	(795,27134361064,1,'2011-11-21',NULL,'2014-01-29 02:29:30'),
	(796,27148362632,1,'2011-11-21',NULL,'2014-01-29 02:29:30'),
	(797,27165183253,1,'2011-11-21',NULL,'2014-01-29 02:29:30'),
	(798,27173985679,1,'2011-11-21',NULL,'2014-01-29 02:29:30'),
	(799,27186732702,1,'2011-11-21',NULL,'2014-01-29 02:29:30'),
	(800,20246381098,1,'2003-08-01',NULL,'2014-01-29 02:29:30'),
	(801,27186162248,1,'2003-09-01',NULL,'2014-01-29 02:29:31'),
	(802,20181693615,1,'2003-09-01',NULL,'2014-01-29 02:29:31'),
	(803,20163343542,1,'2003-09-01',NULL,'2014-01-29 02:29:31'),
	(804,20081844527,1,'2003-09-01',NULL,'2014-01-29 02:29:31'),
	(805,27208159831,1,'2003-10-01',NULL,'2014-01-29 02:29:31'),
	(806,23145889774,1,'2011-12-01',NULL,'2014-01-29 02:29:31');

/*!40000 ALTER TABLE `altasbajas` ENABLE KEYS */;
UNLOCK TABLES;



# Volcado de tabla delegaciones
# ------------------------------------------------------------

DROP TABLE IF EXISTS `delegaciones`;

CREATE TABLE `delegaciones` (
  `id_delegacion` int(2) NOT NULL,
  `delegacion` varchar(45) DEFAULT NULL,
  `descripcion` varchar(45) DEFAULT NULL,
  PRIMARY KEY (`id_delegacion`)
) ENGINE=InnoDB DEFAULT CHARSET=utf8;

LOCK TABLES `delegaciones` WRITE;
/*!40000 ALTER TABLE `delegaciones` DISABLE KEYS */;

INSERT INTO `delegaciones` (`id_delegacion`, `delegacion`, `descripcion`)
VALUES
	(0,'alguna','es una delegacion indefinida');

/*!40000 ALTER TABLE `delegaciones` ENABLE KEYS */;
UNLOCK TABLES;


# Volcado de tabla django_admin_log
# ------------------------------------------------------------


# Volcado de tabla estado_civil
# ------------------------------------------------------------

DROP TABLE IF EXISTS `estado_civil`;

CREATE TABLE `estado_civil` (
  `id` int(1) NOT NULL,
  `descripcion` varchar(45) DEFAULT NULL,
  PRIMARY KEY (`id`)
) ENGINE=InnoDB DEFAULT CHARSET=utf8;

LOCK TABLES `estado_civil` WRITE;
/*!40000 ALTER TABLE `estado_civil` DISABLE KEYS */;

INSERT INTO `estado_civil` (`id`, `descripcion`)
VALUES
	(1,'Soltero'),
	(2,'Casado'),
	(3,'Viudo'),
	(4,'Separado Legal'),
	(5,'Separado de Hecho'),
	(6,'Divorciado'),
	(7,'Convivencia');

/*!40000 ALTER TABLE `estado_civil` ENABLE KEYS */;
UNLOCK TABLES;


# Volcado de tabla familiares
# ------------------------------------------------------------

DROP TABLE IF EXISTS `familiares`;

CREATE TABLE `familiares` (
  `cuil` bigint(11) NOT NULL,
  `parentesco` int(2) NOT NULL,
  `nombre` varchar(45) NOT NULL,
  `apellido` varchar(45) NOT NULL,
  `nro_doc` int(8) NOT NULL,
  `tipo_doc` varchar(2) NOT NULL,
  `sexo` varchar(1) NOT NULL,
  `estado_civil` int(1) NOT NULL,
  `fecha_nac` date NOT NULL,
  `nacionalidad` int(3) NOT NULL,
  `provincia` int(2) NOT NULL,
  `localidad` varchar(20) NOT NULL,
  `codigo_postal` varchar(8) NOT NULL,
  `calle` varchar(20) NOT NULL,
  `nro` varchar(5) NOT NULL,
  `depto` varchar(45) NOT NULL,
  `piso` varchar(45) DEFAULT NULL,
  `tipo_domicilio` int(2) DEFAULT NULL,
  `incapacidad` int(2) NOT NULL,
  `verificado` int(1) NOT NULL,
  `cuil_titular` bigint(11) NOT NULL,
  PRIMARY KEY (`cuil`),
  KEY `fk_familiares_titulares1_idx` (`cuil_titular`),
  KEY `fk_familiares_incapacidad1_idx` (`incapacidad`),
  KEY `fk_familiares_parentesco1_idx` (`parentesco`),
  KEY `fk_familiares_tipo_doc1_idx` (`tipo_doc`),
  KEY `fk_familiares_estado_civil1_idx` (`estado_civil`),
  KEY `fk_familiares_provincias1_idx` (`provincia`),
  KEY `fk_familiares_tipo_domicilio1_idx` (`tipo_domicilio`),
  KEY `fk_familiares_nacionalidad1_idx` (`nacionalidad`),
  KEY `fk_familiares_sexo1_idx` (`sexo`),
  CONSTRAINT `fk_familiares_estado_civil1` FOREIGN KEY (`estado_civil`) REFERENCES `estado_civil` (`id`) ON DELETE NO ACTION ON UPDATE NO ACTION,
  CONSTRAINT `fk_familiares_incapacidad1` FOREIGN KEY (`incapacidad`) REFERENCES `incapacidad` (`id`) ON DELETE NO ACTION ON UPDATE NO ACTION,
  CONSTRAINT `fk_familiares_nacionalidad1` FOREIGN KEY (`nacionalidad`) REFERENCES `nacionalidad` (`id`) ON DELETE NO ACTION ON UPDATE NO ACTION,
  CONSTRAINT `fk_familiares_parentesco1` FOREIGN KEY (`parentesco`) REFERENCES `parentesco` (`id`) ON DELETE NO ACTION ON UPDATE NO ACTION,
  CONSTRAINT `fk_familiares_provincias1` FOREIGN KEY (`provincia`) REFERENCES `provincias` (`id_provincia`) ON DELETE NO ACTION ON UPDATE NO ACTION,
  CONSTRAINT `fk_familiares_sexo1` FOREIGN KEY (`sexo`) REFERENCES `sexo` (`id`) ON DELETE NO ACTION ON UPDATE NO ACTION,
  CONSTRAINT `fk_familiares_tipo_doc1` FOREIGN KEY (`tipo_doc`) REFERENCES `tipo_doc` (`id`) ON DELETE NO ACTION ON UPDATE NO ACTION,
  CONSTRAINT `fk_familiares_tipo_domicilio1` FOREIGN KEY (`tipo_domicilio`) REFERENCES `tipo_domicilio` (`id`) ON DELETE NO ACTION ON UPDATE NO ACTION,
  CONSTRAINT `fk_familiares_titulares1` FOREIGN KEY (`cuil_titular`) REFERENCES `titulares` (`cuil`) ON DELETE NO ACTION ON UPDATE NO ACTION
) ENGINE=InnoDB DEFAULT CHARSET=utf8;



# Volcado de tabla incapacidad
# ------------------------------------------------------------

DROP TABLE IF EXISTS `incapacidad`;

CREATE TABLE `incapacidad` (
  `id` int(2) NOT NULL,
  `descripcion` varchar(45) DEFAULT NULL,
  PRIMARY KEY (`id`)
) ENGINE=InnoDB DEFAULT CHARSET=utf8;

LOCK TABLES `incapacidad` WRITE;
/*!40000 ALTER TABLE `incapacidad` DISABLE KEYS */;

INSERT INTO `incapacidad` (`id`, `descripcion`)
VALUES
	(0,'No Incapacitado'),
	(1,'Incapacitado');

/*!40000 ALTER TABLE `incapacidad` ENABLE KEYS */;
UNLOCK TABLES;


# Volcado de tabla nacionalidad
# ------------------------------------------------------------

DROP TABLE IF EXISTS `nacionalidad`;

CREATE TABLE `nacionalidad` (
  `id` int(3) NOT NULL,
  `descripcion` varchar(45) DEFAULT NULL,
  PRIMARY KEY (`id`)
) ENGINE=InnoDB DEFAULT CHARSET=utf8;

LOCK TABLES `nacionalidad` WRITE;
/*!40000 ALTER TABLE `nacionalidad` DISABLE KEYS */;

INSERT INTO `nacionalidad` (`id`, `descripcion`)
VALUES
	(0,'EXTRANJERO DESCONOCIDO'),
	(1,'AFGANISTAN'),
	(2,'ALBANIA'),
	(3,'ALEMANIA'),
	(4,'ARGELIA'),
	(6,'ANDORRA'),
	(7,'ANGOLA'),
	(10,'ARABIA SAUDITA'),
	(11,'ARMENIA'),
	(12,'ARGENTINA'),
	(13,'AUSTRALIA'),
	(14,'AUSTRIA'),
	(15,'BAHAMAS'),
	(16,'BAHREIN'),
	(17,'BANGLADESH'),
	(18,'BARBADOS'),
	(19,'BELGICA'),
	(20,'BELICE'),
	(21,'BENIN'),
	(22,'BERMUDAS'),
	(23,'BHUTAN'),
	(24,'BOLIVIA'),
	(25,'BOTSWANA'),
	(26,'BRASIL'),
	(27,'BRUNEI'),
	(28,'BULGARIA'),
	(29,'BURMA'),
	(30,'BURUNDI'),
	(31,'CAMERUN'),
	(32,'CANADA'),
	(33,'CABO VERDE'),
	(34,'CHAD'),
	(36,'CHILE'),
	(37,'CHINA'),
	(38,'CHIPRE'),
	(39,'COLOMBIA'),
	(40,'CONGO'),
	(41,'COREA DEL NORTE'),
	(42,'COREA DEL SUR'),
	(43,'COSTA RICA'),
	(44,'CUBA'),
	(45,'DINAMARCA'),
	(46,'DOMINICANA'),
	(47,'ECUADOR'),
	(48,'EGIPTO'),
	(49,'EL SALVADOR'),
	(50,'EMIRATOS ARABES UNIDOS'),
	(51,'ESPAÑA'),
	(52,'ESTADOS UNIDOS'),
	(53,'ESTONIA'),
	(54,'ETIOPIA'),
	(55,'FIJI'),
	(56,'FILIPINAS'),
	(57,'FINLANDIA'),
	(58,'FRANCIA'),
	(59,'GABON'),
	(60,'GAMBIA'),
	(61,'GHANA'),
	(62,'GRECIA'),
	(63,'GRENADA'),
	(64,'GROENLANDIA'),
	(65,'GUATEMALA'),
	(67,'GUINEA'),
	(68,'GUINEA ECUATORIAL'),
	(69,'GUINEA FRANCESA'),
	(70,'GUYANA'),
	(71,'HAITI'),
	(72,'HOLANDA'),
	(73,'HONDURAS'),
	(74,'HONG KONG'),
	(75,'HUNGRIA'),
	(76,'INDIA'),
	(77,'INDONESIA'),
	(78,'IRAN'),
	(79,'IRAQ'),
	(80,'IRLANDA'),
	(81,'ISLANDIA'),
	(86,'ISLAS SALOMON'),
	(88,'ISRAEL'),
	(89,'ITALIA'),
	(90,'JAMAICA'),
	(91,'JAPON'),
	(92,'JORDANIA'),
	(93,'KAMPUCHEA'),
	(94,'KENIA'),
	(95,'KUWAIT'),
	(96,'LAOS'),
	(97,'LESOTHO'),
	(98,'LETONIA'),
	(99,'LIBANO'),
	(100,'LIBERIA'),
	(101,'LIBIA'),
	(102,'LIECHTENSTEIN'),
	(103,'LITUANIA'),
	(104,'LUXEMBURGO'),
	(106,'MADAGASCAR'),
	(107,'MALAWI'),
	(108,'MALASIA'),
	(109,'MALDIVAS'),
	(110,'MALI'),
	(111,'MALTA'),
	(113,'MAURITANIA'),
	(114,'MAURICIO'),
	(115,'MEXICO'),
	(116,'MONACO'),
	(117,'MONGOLIA'),
	(118,'MOROCCO'),
	(119,'MOZAMBIQUE'),
	(121,'NEPAL'),
	(122,'NICARAGUA'),
	(123,'NIGER'),
	(124,'NIGERIA'),
	(125,'NORUEGA'),
	(127,'NUEVA ZELANDIA'),
	(128,'OMAN'),
	(129,'PAKISTAN'),
	(130,'PANAMA'),
	(131,'PAPUA'),
	(132,'PARAGUAY'),
	(133,'PERU'),
	(135,'POLONIA'),
	(136,'PORTUGAL'),
	(138,'QATAR'),
	(139,'REINO UNIDO'),
	(140,'REPUBLICA CENTRO AFRICANA'),
	(141,'REPUBLICA DOMINICANA'),
	(142,'RUANDA'),
	(143,'RUMANIA'),
	(144,'RUSIA'),
	(146,'SAMOA OCCIDENTAL'),
	(147,'SAN MARINO'),
	(148,'SENEGAL'),
	(149,'SEYCHELLES'),
	(150,'SIERRA LEONA'),
	(151,'SINGAPUR'),
	(152,'SIRIA'),
	(153,'SOMALIA'),
	(154,'SRI LANKA'),
	(155,'SUDAFRICA'),
	(156,'SUDAN'),
	(157,'SUECIA'),
	(158,'SUIZA'),
	(159,'SURINAM'),
	(160,'TAIWAN'),
	(161,'TANZANIA'),
	(162,'THAILANDIA'),
	(163,'TOGO'),
	(164,'TONGA'),
	(165,'TRINIDAD'),
	(166,'TUNEZ'),
	(167,'TURQUIA'),
	(168,'UCRANIA'),
	(169,'UGANDA'),
	(170,'URUGUAY'),
	(171,'VATICANO'),
	(172,'VENEZUELA'),
	(173,'VIETNAM'),
	(174,'YEMEN DEL NORTE'),
	(175,'YEMEN DEL SUR'),
	(176,'YUGOSLAVIA'),
	(177,'ZAIRE'),
	(178,'ZAMBIA'),
	(179,'ZIMBABWE'),
	(180,'ANTIGUA Y BERMUDA'),
	(181,'BOSNIA- HERZEGOVINA'),
	(182,'COMORAS'),
	(183,'ERITREA'),
	(184,'GEORGIA'),
	(185,'MOLDAVIA'),
	(186,'REPUBLICA ESLOVACA'),
	(187,'SANTA LUCIA'),
	(188,'TAYIKISTAN'),
	(189,'USBEKISTAN'),
	(190,'AZERBAIYAN'),
	(191,'BURKINA FASSO'),
	(192,'COSTA DE MARFIL'),
	(193,'ESLOVENIA'),
	(194,'KAZAJSTAN'),
	(195,'REPUBLICA CHECA'),
	(196,'SAN CRISTOBAL Y'),
	(197,'SANTO TOME Y'),
	(198,'TURMENISTAN'),
	(199,'VANATU'),
	(200,'BIELORRUSIA'),
	(201,'CROACIA'),
	(202,'EST. FEDERADOS DE'),
	(203,'KURGUISTAN'),
	(204,'REP. DE LAS'),
	(205,'SAN VICENTE Y'),
	(206,'SWAZILANDIA');

/*!40000 ALTER TABLE `nacionalidad` ENABLE KEYS */;
UNLOCK TABLES;


# Volcado de tabla parentesco
# ------------------------------------------------------------

DROP TABLE IF EXISTS `parentesco`;

CREATE TABLE `parentesco` (
  `id` int(2) NOT NULL,
  `descripcion` varchar(70) DEFAULT NULL,
  PRIMARY KEY (`id`)
) ENGINE=InnoDB DEFAULT CHARSET=utf8;

LOCK TABLES `parentesco` WRITE;
/*!40000 ALTER TABLE `parentesco` DISABLE KEYS */;

INSERT INTO `parentesco` (`id`, `descripcion`)
VALUES
	(0,'Titular'),
	(1,'Cónyuge'),
	(2,'Concubino/a'),
	(3,'Hijo soltero menor de 21 años'),
	(4,'Hijo soltero de 21 a 25 años cursando estudios regulares'),
	(5,'Hijo de cónyuge soltero menor de 21 años'),
	(6,'Hijo de cónyuge soltero de 21 a  25 años cursando estudios regulares'),
	(7,'Menor bajo guarda o tutela'),
	(8,'Familiar a cargo'),
	(9,'Mayor de 25 años discapacitado');

/*!40000 ALTER TABLE `parentesco` ENABLE KEYS */;
UNLOCK TABLES;


# Volcado de tabla prestadores
# ------------------------------------------------------------

DROP TABLE IF EXISTS `prestadores`;

CREATE TABLE `prestadores` (
  `id` int(2) NOT NULL,
  `prestador` varchar(80) NOT NULL,
  PRIMARY KEY (`id`)
) ENGINE=InnoDB DEFAULT CHARSET=utf8;

LOCK TABLES `prestadores` WRITE;
/*!40000 ALTER TABLE `prestadores` DISABLE KEYS */;

INSERT INTO `prestadores` (`id`, `prestador`)
VALUES
	(0,'MESA'),
	(1,'Intelligent Medical');

/*!40000 ALTER TABLE `prestadores` ENABLE KEYS */;
UNLOCK TABLES;


# Volcado de tabla provincias
# ------------------------------------------------------------

DROP TABLE IF EXISTS `provincias`;

CREATE TABLE `provincias` (
  `id_provincia` int(2) NOT NULL,
  `provincia` varchar(45) NOT NULL,
  PRIMARY KEY (`id_provincia`)
) ENGINE=InnoDB DEFAULT CHARSET=utf8;

LOCK TABLES `provincias` WRITE;
/*!40000 ALTER TABLE `provincias` DISABLE KEYS */;

INSERT INTO `provincias` (`id_provincia`, `provincia`)
VALUES
	(1,'Capital Federal'),
	(2,'Buenos Aires'),
	(3,'Catamarca'),
	(4,'Cordoba'),
	(5,'Corrientes'),
	(6,'Entre Rios'),
	(7,'Jujuy'),
	(8,'La Rioja'),
	(9,'Mendoza'),
	(10,'Salta'),
	(11,'San Juan'),
	(12,'San Luis'),
	(13,'Santa Fe'),
	(14,'Santiago del Estero'),
	(15,'Tucuman'),
	(16,'Chaco'),
	(17,'Chubut'),
	(18,'Formosa'),
	(19,'La Pampa'),
	(20,'Misiones'),
	(21,'Neuquen'),
	(22,'Rio Negro'),
	(23,'Santa Cruz'),
	(24,'Tierra del Fuego'),
	(99,'No Identificada');

/*!40000 ALTER TABLE `provincias` ENABLE KEYS */;
UNLOCK TABLES;


# Volcado de tabla sexo
# ------------------------------------------------------------

DROP TABLE IF EXISTS `sexo`;

CREATE TABLE `sexo` (
  `id` varchar(1) NOT NULL,
  `descripcion` varchar(45) DEFAULT NULL,
  PRIMARY KEY (`id`)
) ENGINE=InnoDB DEFAULT CHARSET=utf8;

LOCK TABLES `sexo` WRITE;
/*!40000 ALTER TABLE `sexo` DISABLE KEYS */;

INSERT INTO `sexo` (`id`, `descripcion`)
VALUES
	('F','Femenino'),
	('M','Masculino');

/*!40000 ALTER TABLE `sexo` ENABLE KEYS */;
UNLOCK TABLES;


# Volcado de tabla situacion_revista
# ------------------------------------------------------------

DROP TABLE IF EXISTS `situacion_revista`;

CREATE TABLE `situacion_revista` (
  `id` int(11) NOT NULL,
  `descripcion` varchar(65) DEFAULT NULL,
  PRIMARY KEY (`id`)
) ENGINE=InnoDB DEFAULT CHARSET=utf8;

LOCK TABLES `situacion_revista` WRITE;
/*!40000 ALTER TABLE `situacion_revista` DISABLE KEYS */;

INSERT INTO `situacion_revista` (`id`, `descripcion`)
VALUES
	(0,'Recibe haberes regularmente'),
	(1,'Suspendido con derecho a obra social'),
	(10,'Maternidad'),
	(11,'Periodo de reserva por enfermedad'),
	(12,'Periodo de reserva por accidente'),
	(13,'Desempleo'),
	(50,'Pensionados españoles beneficiarios del SIJP'),
	(51,'Pensionados españoles. Nuevos beneficiarios fuera del SIJP'),
	(52,'Pensionados españoles. Mayores de 70 años beneficiaros del PROFE'),
	(53,'Cónyuges españolas de los beneficiarios'),
	(98,'Para CUITS exceptuados con TB=3'),
	(99,'No se conoce situacion de revista');

/*!40000 ALTER TABLE `situacion_revista` ENABLE KEYS */;
UNLOCK TABLES;


# Volcado de tabla telefono
# ------------------------------------------------------------

DROP TABLE IF EXISTS `telefono`;

CREATE TABLE `telefono` (
  `cuil` bigint(11) DEFAULT NULL,
  `telefono` varchar(45) DEFAULT NULL,
  `tipo_telefono` int(11) DEFAULT NULL,
  `id` bigint(20) NOT NULL AUTO_INCREMENT,
  PRIMARY KEY (`id`),
  KEY `tipo_telefono_idx` (`tipo_telefono`),
  KEY `fk_telefono_titulares1` (`cuil`),
  CONSTRAINT `fk_telefono_titulares1` FOREIGN KEY (`cuil`) REFERENCES `titulares` (`cuil`) ON DELETE CASCADE ON UPDATE CASCADE,
  CONSTRAINT `tipo_telefono` FOREIGN KEY (`tipo_telefono`) REFERENCES `tipo_telefono` (`id`) ON DELETE CASCADE ON UPDATE CASCADE
) ENGINE=InnoDB DEFAULT CHARSET=utf8;

LOCK TABLES `telefono` WRITE;
/*!40000 ALTER TABLE `telefono` DISABLE KEYS */;

INSERT INTO `telefono` (`cuil`, `telefono`, `tipo_telefono`, `id`)
VALUES
	(20301652403,'1562631532',2,53),
	(20278001165,'1538851658',1,54),
	(20278001165,'1536119260',2,55),
	(23249546089,'1560436320',1,56),
	(23249546089,'1559701077',1,57),
	(27233197748,'155847200',2,58),
	(20312041252,'2322499668',1,59),
	(20312041252,'1533118577',2,60),
	(20145865167,'47511115',1,61),
	(20145865167,'1554626084',2,62),
	(20267545627,'111569432601',1,63),
	(20267545627,'1169113406',1,64),
	(20080473134,'42950480',1,65),
	(20080473134,'1555168585',2,66),
	(20181864754,'3814291775',1,67),
	(20255027795,'1165720158',1,68),
	(20255027795,'1135010068',1,69),
	(20255027795,'42043401',2,70),
	(20161448355,'42507113',1,71),
	(20161448355,'1566967505',1,72),
	(20262057926,'44630207',1,73),
	(20262057926,'1567970950',1,74),
	(20262057926,'1567970950',2,75),
	(20930194906,'3514216323',1,76),
	(20177919781,'3874901365',1,77),
	(20177919781,'387156846200',1,78),
	(20182297403,'387155111664',1,79),
	(20225545619,'387155060952',1,80),
	(20225545619,'387155237041',2,81),
	(20171344809,'3874225779',1,82),
	(20171344809,'387154360349',1,83),
	(20171344809,'387155079',2,84),
	(20246381098,'387155954954',1,85),
	(20246381098,'1687',1,86),
	(20181693615,'42040063',1,87),
	(20181693615,'33220073',1,88),
	(20181693615,'1533220073',2,89),
	(20081844527,'3874904073',1,90),
	(20081844527,'154129558',1,91),
	(20930847330,'2614272325',2,92),
	(20301652403,'1562631532',2,93),
	(20278001165,'1538851658',1,94),
	(20278001165,'1536119260',2,95),
	(23249546089,'1560436320',1,96),
	(23249546089,'1559701077',1,97),
	(27233197748,'155847200',2,98),
	(20312041252,'2322499668',1,99),
	(20312041252,'1533118577',2,100),
	(20145865167,'47511115',1,101),
	(20145865167,'1554626084',2,102),
	(20267545627,'111569432601',1,103),
	(20267545627,'1169113406',1,104),
	(20080473134,'42950480',1,105),
	(20080473134,'1555168585',2,106),
	(20181864754,'3814291775',1,107),
	(20255027795,'1165720158',1,108),
	(20255027795,'1135010068',1,109),
	(20255027795,'42043401',2,110),
	(20161448355,'42507113',1,111),
	(20161448355,'1566967505',1,112),
	(20262057926,'44630207',1,113),
	(20262057926,'1567970950',1,114),
	(20262057926,'1567970950',2,115),
	(20930194906,'3514216323',1,116),
	(20177919781,'3874901365',1,117),
	(20177919781,'387156846200',1,118),
	(20182297403,'387155111664',1,119),
	(20225545619,'387155060952',1,120),
	(20225545619,'387155237041',2,121),
	(20171344809,'3874225779',1,122),
	(20171344809,'387154360349',1,123),
	(20171344809,'387155079',2,124),
	(20246381098,'387155954954',1,125),
	(20246381098,'1687',1,126),
	(20181693615,'42040063',1,127),
	(20181693615,'33220073',1,128),
	(20181693615,'1533220073',2,129),
	(20081844527,'3874904073',1,130),
	(20081844527,'154129558',1,131),
	(20301652403,'1562631532',2,132),
	(20278001165,'1538851658',1,133),
	(20278001165,'1536119260',2,134),
	(23249546089,'1560436320',1,135),
	(23249546089,'1559701077',1,136),
	(27233197748,'155847200',2,137),
	(20312041252,'2322499668',1,138),
	(20312041252,'1533118577',2,139),
	(20145865167,'47511115',1,140),
	(20145865167,'1554626084',2,141),
	(20267545627,'111569432601',1,142),
	(20267545627,'1169113406',1,143),
	(20080473134,'42950480',1,144),
	(20080473134,'1555168585',2,145),
	(20181864754,'3814291775',1,146),
	(20255027795,'1165720158',1,147),
	(20255027795,'1135010068',1,148),
	(20255027795,'42043401',2,149),
	(20161448355,'42507113',1,150),
	(20161448355,'1566967505',1,151),
	(20262057926,'44630207',1,152),
	(20262057926,'1567970950',1,153),
	(20262057926,'1567970950',2,154),
	(20930194906,'3514216323',1,155),
	(20177919781,'3874901365',1,156),
	(20177919781,'387156846200',1,157),
	(20182297403,'387155111664',1,158),
	(20225545619,'387155060952',1,159),
	(20225545619,'387155237041',2,160),
	(20171344809,'3874225779',1,161),
	(20171344809,'387154360349',1,162),
	(20171344809,'387155079',2,163),
	(20246381098,'387155954954',1,164),
	(20246381098,'1687',1,165),
	(20181693615,'42040063',1,166),
	(20181693615,'33220073',1,167),
	(20181693615,'1533220073',2,168),
	(20081844527,'3874904073',1,169),
	(20081844527,'154129558',1,170),
	(20301652403,'1562631532',2,171),
	(20278001165,'1538851658',1,172),
	(20278001165,'1536119260',2,173),
	(23249546089,'1560436320',1,174),
	(23249546089,'1559701077',1,175),
	(27233197748,'155847200',2,176),
	(20312041252,'2322499668',1,177),
	(20312041252,'1533118577',2,178),
	(20145865167,'47511115',1,179),
	(20145865167,'1554626084',2,180),
	(20267545627,'111569432601',1,181),
	(20267545627,'1169113406',1,182),
	(20080473134,'42950480',1,183),
	(20080473134,'1555168585',2,184),
	(20181864754,'3814291775',1,185),
	(20255027795,'1165720158',1,186),
	(20255027795,'1135010068',1,187),
	(20255027795,'42043401',2,188),
	(20161448355,'42507113',1,189),
	(20161448355,'1566967505',1,190),
	(20262057926,'44630207',1,191),
	(20262057926,'1567970950',1,192),
	(20262057926,'1567970950',2,193),
	(20930194906,'3514216323',1,194),
	(20177919781,'3874901365',1,195),
	(20177919781,'387156846200',1,196),
	(20182297403,'387155111664',1,197),
	(20225545619,'387155060952',1,198),
	(20225545619,'387155237041',2,199),
	(20171344809,'3874225779',1,200),
	(20171344809,'387154360349',1,201),
	(20171344809,'387155079',2,202),
	(20246381098,'387155954954',1,203),
	(20246381098,'1687',1,204),
	(20181693615,'42040063',1,205),
	(20181693615,'33220073',1,206),
	(20181693615,'1533220073',2,207),
	(20081844527,'3874904073',1,208),
	(20081844527,'154129558',1,209),
	(20301652403,'1562631532',2,210),
	(20278001165,'1538851658',1,211),
	(20278001165,'1536119260',2,212),
	(23249546089,'1560436320',1,213),
	(23249546089,'1559701077',1,214),
	(27233197748,'155847200',2,215),
	(20312041252,'2322499668',1,216),
	(20312041252,'1533118577',2,217),
	(20145865167,'47511115',1,218),
	(20145865167,'1554626084',2,219),
	(20267545627,'111569432601',1,220),
	(20267545627,'1169113406',1,221),
	(20080473134,'42950480',1,222),
	(20080473134,'1555168585',2,223),
	(20181864754,'3814291775',1,224),
	(20255027795,'1165720158',1,225),
	(20255027795,'1135010068',1,226),
	(20255027795,'42043401',2,227),
	(20161448355,'42507113',1,228),
	(20161448355,'1566967505',1,229),
	(20262057926,'44630207',1,230),
	(20262057926,'1567970950',1,231),
	(20262057926,'1567970950',2,232),
	(20930194906,'3514216323',1,233),
	(20177919781,'3874901365',1,234),
	(20177919781,'387156846200',1,235),
	(20182297403,'387155111664',1,236),
	(20225545619,'387155060952',1,237),
	(20225545619,'387155237041',2,238),
	(20171344809,'3874225779',1,239),
	(20171344809,'387154360349',1,240),
	(20171344809,'387155079',2,241),
	(20246381098,'387155954954',1,242),
	(20246381098,'1687',1,243),
	(20181693615,'42040063',1,244),
	(20181693615,'33220073',1,245),
	(20181693615,'1533220073',2,246),
	(20081844527,'3874904073',1,247),
	(20081844527,'154129558',1,248);

/*!40000 ALTER TABLE `telefono` ENABLE KEYS */;
UNLOCK TABLES;


# Volcado de tabla tipo_beneficiario
# ------------------------------------------------------------

DROP TABLE IF EXISTS `tipo_beneficiario`;

CREATE TABLE `tipo_beneficiario` (
  `id` int(11) NOT NULL,
  `descripcion` varchar(70) DEFAULT NULL,
  PRIMARY KEY (`id`)
) ENGINE=InnoDB DEFAULT CHARSET=utf8;

LOCK TABLES `tipo_beneficiario` WRITE;
/*!40000 ALTER TABLE `tipo_beneficiario` DISABLE KEYS */;

INSERT INTO `tipo_beneficiario` (`id`, `descripcion`)
VALUES
	(0,'Relacion de Dependencia'),
	(1,'Pasantes'),
	(2,'Jubilados del Sistema Nacional del Seguro de Salud'),
	(3,'Adherentes Voluntarios'),
	(4,'Monotributistas (Ley 25.865)'),
	(5,'Servicio Domestico (Ley 26.068)'),
	(6,'Jubilados del Registro para la Atencion de Españoles'),
	(7,'Monotributistas Efectores Sociales'),
	(8,'Seguro de Desempleo ANSES'),
	(9,'Seguro de Desempleo RENATRE'),
	(10,'Jubilados y Pensionados del Instituto Nacional de Servicios Sociales'),
	(11,'Jubilados y Pensionados de Otros Sistemas'),
	(12,'Relacion de Dependencia (Sin Aporte y Contribucion por SJP)');

/*!40000 ALTER TABLE `tipo_beneficiario` ENABLE KEYS */;
UNLOCK TABLES;


# Volcado de tabla tipo_doc
# ------------------------------------------------------------

DROP TABLE IF EXISTS `tipo_doc`;

CREATE TABLE `tipo_doc` (
  `id` varchar(2) NOT NULL,
  `descripcion` varchar(45) DEFAULT NULL,
  PRIMARY KEY (`id`)
) ENGINE=InnoDB DEFAULT CHARSET=utf8;

LOCK TABLES `tipo_doc` WRITE;
/*!40000 ALTER TABLE `tipo_doc` DISABLE KEYS */;

INSERT INTO `tipo_doc` (`id`, `descripcion`)
VALUES
	('CM','Certificado Migratorio'),
	('DU','Documento Unico'),
	('ET','En Tramite'),
	('LC','Libreta Civica'),
	('LE','Libreta de Enrolamiento'),
	('PA','Pasaporte');

/*!40000 ALTER TABLE `tipo_doc` ENABLE KEYS */;
UNLOCK TABLES;


# Volcado de tabla tipo_domicilio
# ------------------------------------------------------------

DROP TABLE IF EXISTS `tipo_domicilio`;

CREATE TABLE `tipo_domicilio` (
  `id` int(2) NOT NULL,
  `descripcion` varchar(45) DEFAULT NULL,
  PRIMARY KEY (`id`)
) ENGINE=InnoDB DEFAULT CHARSET=utf8;

LOCK TABLES `tipo_domicilio` WRITE;
/*!40000 ALTER TABLE `tipo_domicilio` DISABLE KEYS */;

INSERT INTO `tipo_domicilio` (`id`, `descripcion`)
VALUES
	(0,'indefinido'),
	(1,'Domicilio Completo'),
	(2,'Domicilio Rural');

/*!40000 ALTER TABLE `tipo_domicilio` ENABLE KEYS */;
UNLOCK TABLES;


# Volcado de tabla tipo_telefono
# ------------------------------------------------------------

DROP TABLE IF EXISTS `tipo_telefono`;

CREATE TABLE `tipo_telefono` (
  `id` int(11) NOT NULL AUTO_INCREMENT,
  `descripcion` varchar(45) NOT NULL,
  PRIMARY KEY (`id`)
) ENGINE=InnoDB DEFAULT CHARSET=utf8;

LOCK TABLES `tipo_telefono` WRITE;
/*!40000 ALTER TABLE `tipo_telefono` DISABLE KEYS */;

INSERT INTO `tipo_telefono` (`id`, `descripcion`)
VALUES
	(1,'Casa'),
	(2,'Celular');

/*!40000 ALTER TABLE `tipo_telefono` ENABLE KEYS */;
UNLOCK TABLES;


# Volcado de tabla titulares
# ------------------------------------------------------------

DROP TABLE IF EXISTS `titulares`;

CREATE TABLE `titulares` (
  `cuil` bigint(11) NOT NULL,
  `cuit_empleador` bigint(11) DEFAULT NULL,
  `parentesco` int(2) NOT NULL,
  `nro_beneficiario` int(8) DEFAULT NULL,
  `nro_afiliado` int(8) DEFAULT '0',
  `nombre` varchar(50) NOT NULL,
  `apellido` varchar(50) NOT NULL,
  `tipo_doc` varchar(2) NOT NULL,
  `nro_doc` int(8) NOT NULL,
  `sexo_id` varchar(2) NOT NULL,
  `estado_civil` int(2) NOT NULL,
  `fecha_nac` date NOT NULL,
  `nacionalidad_id` int(3) NOT NULL,
  `provincia_id` int(2) NOT NULL,
  `localidad` varchar(50) DEFAULT NULL,
  `calle` varchar(50) NOT NULL,
  `nro` varchar(5) DEFAULT NULL,
  `depto` varchar(4) DEFAULT NULL,
  `piso` varchar(4) DEFAULT NULL,
  `codigo_postal` varchar(8) NOT NULL,
  `tipo_domicilio` int(2) DEFAULT '0',
  `incapacidad` int(2) NOT NULL,
  `email` varchar(40) DEFAULT NULL,
  `verificado` int(1) NOT NULL DEFAULT '0',
  `ingreso_os` date DEFAULT NULL,
  `tipo_beneficiario` int(2) DEFAULT NULL,
  `mov` tinyint(1) NOT NULL,
  `fecha_mov` date DEFAULT NULL,
  `prestador` int(2) DEFAULT NULL,
  `situacion_revista_id` int(11) NOT NULL,
  `delegacion` int(2) DEFAULT NULL,
  PRIMARY KEY (`cuil`),
  KEY `provincia_idx` (`provincia_id`),
  KEY `incapacidad_idx` (`incapacidad`),
  KEY `tipo bene_idx` (`tipo_beneficiario`),
  KEY `estado civil_idx` (`estado_civil`),
  KEY `tipo doc_idx` (`tipo_doc`),
  KEY `parentesco_idx` (`parentesco`),
  KEY `sexo_idx` (`sexo_id`),
  KEY `prestador_idx` (`prestador`),
  KEY `fk_titulares_situacion_revista1_idx` (`situacion_revista_id`),
  KEY `fk_titulares_nacionalidad1_idx` (`nacionalidad_id`),
  KEY `fk_titulares_delegaciones1_idx` (`delegacion`),
  KEY `tipo domicilio_idx` (`tipo_domicilio`),
  CONSTRAINT `estado civil` FOREIGN KEY (`estado_civil`) REFERENCES `estado_civil` (`id`) ON DELETE NO ACTION ON UPDATE NO ACTION,
  CONSTRAINT `fk_titulares_delegaciones1` FOREIGN KEY (`delegacion`) REFERENCES `delegaciones` (`id_delegacion`) ON DELETE NO ACTION ON UPDATE NO ACTION,
  CONSTRAINT `fk_titulares_nacionalidad1` FOREIGN KEY (`nacionalidad_id`) REFERENCES `nacionalidad` (`id`) ON DELETE NO ACTION ON UPDATE NO ACTION,
  CONSTRAINT `fk_titulares_situacion_revista1` FOREIGN KEY (`situacion_revista_id`) REFERENCES `situacion_revista` (`id`) ON DELETE NO ACTION ON UPDATE NO ACTION,
  CONSTRAINT `incapacidad` FOREIGN KEY (`incapacidad`) REFERENCES `incapacidad` (`id`) ON DELETE NO ACTION ON UPDATE NO ACTION,
  CONSTRAINT `parentesco` FOREIGN KEY (`parentesco`) REFERENCES `parentesco` (`id`) ON DELETE NO ACTION ON UPDATE NO ACTION,
  CONSTRAINT `prestador` FOREIGN KEY (`prestador`) REFERENCES `prestadores` (`id`) ON DELETE NO ACTION ON UPDATE NO ACTION,
  CONSTRAINT `provincia` FOREIGN KEY (`provincia_id`) REFERENCES `provincias` (`id_provincia`) ON DELETE NO ACTION ON UPDATE NO ACTION,
  CONSTRAINT `sexo` FOREIGN KEY (`sexo_id`) REFERENCES `sexo` (`id`) ON DELETE NO ACTION ON UPDATE NO ACTION,
  CONSTRAINT `tipo bene` FOREIGN KEY (`tipo_beneficiario`) REFERENCES `tipo_beneficiario` (`id`) ON DELETE NO ACTION ON UPDATE NO ACTION,
  CONSTRAINT `tipo doc` FOREIGN KEY (`tipo_doc`) REFERENCES `tipo_doc` (`id`) ON DELETE NO ACTION ON UPDATE NO ACTION,
  CONSTRAINT `tipo domicilio` FOREIGN KEY (`tipo_domicilio`) REFERENCES `tipo_domicilio` (`id`) ON DELETE NO ACTION ON UPDATE NO ACTION
) ENGINE=InnoDB DEFAULT CHARSET=utf8;

LOCK TABLES `titulares` WRITE;
/*!40000 ALTER TABLE `titulares` DISABLE KEYS */;

INSERT INTO `titulares` (`cuil`, `cuit_empleador`, `parentesco`, `nro_beneficiario`, `nro_afiliado`, `nombre`, `apellido`, `tipo_doc`, `nro_doc`, `sexo_id`, `estado_civil`, `fecha_nac`, `nacionalidad_id`, `provincia_id`, `localidad`, `calle`, `nro`, `depto`, `piso`, `codigo_postal`, `tipo_domicilio`, `incapacidad`, `email`, `verificado`, `ingreso_os`, `tipo_beneficiario`, `mov`, `fecha_mov`, `prestador`, `situacion_revista_id`, `delegacion`)
VALUES
	(20080473134,2252,0,2,0,'SANTUCHO            ','RAMON LAZARO                  ','LE',8047313,'M',2,'1950-07-09',12,2,'EZEIZA              ','SAN JOSE 202                                      ',NULL,NULL,NULL,'1804',0,0,NULL,0,'2008-12-01',0,1,'2008-12-01',0,0,NULL),
	(20081844527,583,0,394,0,'CARDOZO             ','ARMANDO TIMOTEO               ','DU',8184452,'M',2,'1948-05-21',12,10,'CAMPO QUIJANO       ','CANAL DE BEAGLE 501                               ',NULL,NULL,NULL,'4407',0,0,NULL,0,'2003-09-01',0,1,'2003-09-01',0,0,NULL),
	(20103979219,1208,0,284,0,'LEDESMA             ','JOSE SANTOS                   ','DU',10397921,'M',2,'1952-03-18',12,10,'GENERAL GUEMES      ','ALBERDI 565                                       ',NULL,NULL,NULL,'4430',0,0,NULL,0,'2003-05-01',0,1,'2003-05-01',0,0,NULL),
	(20107259946,1691,0,450,0,'SOTO                ','DOMINGO HIPOLITO              ','DU',10725994,'M',2,'1953-09-20',12,20,'GARUPA              ','CHACRA 153 MZA. M6 CA.15                          ',NULL,NULL,NULL,'3304',0,0,NULL,0,'2003-10-01',0,1,'2003-10-01',0,0,NULL),
	(20116647681,1188,0,7932,0,'TORRES','LEONARDO','DU',11664768,'M',1,'1958-01-18',0,10,'SALTA','ALVARADO 199 0  ',NULL,NULL,NULL,'4400',0,0,NULL,0,'2012-02-03',0,1,'2012-02-03',0,0,NULL),
	(20127737453,642,0,447,0,'TALAVERA            ','HECTOR                        ','DU',12773745,'M',2,'1956-10-06',12,20,'GARUPA              ','Bº 6 DE SETIEMBRE S/N                             ',NULL,NULL,NULL,'3304',0,0,NULL,0,'2003-10-01',0,1,'2003-10-01',0,0,NULL),
	(20136768841,1373,0,280,0,'ARRECHE             ','RODOLFO EDUARDO               ','DU',13676884,'M',2,'1957-11-27',12,15,'SAN MIGUEL          ','AVDA. EJERCITO DEL NORTE 429 10 D                 ',NULL,NULL,NULL,'4000',0,0,NULL,0,'2003-05-01',0,1,'2003-05-01',0,0,NULL),
	(20145132178,2018,0,514,0,'ACOSTA              ','JUAN RAMON                    ','DU',14513217,'M',7,'1961-05-16',12,20,'APOSTOLES           ','BºEL TIMBO                                        ',NULL,NULL,NULL,'3350',0,0,NULL,0,'2003-12-01',0,1,'2003-12-01',0,0,NULL),
	(20145865167,2348,0,513,0,'MORALES             ','RICARDO ANIBAL                ','DU',14586516,'M',2,'1960-12-17',12,2,'EL PALOMAR          ','KENEDY 5872                                       ',NULL,NULL,NULL,'1684',0,0,NULL,0,'2003-12-01',0,1,'2003-12-01',0,0,NULL),
	(20161448355,2360,0,63,0,'BALLESTER           ','HUGO NICOLAS                  ','DU',16144835,'M',7,'1962-03-04',12,2,'QUILMES OE          ','CARLOS PELLEGRINI 4529                            ',NULL,NULL,NULL,'1879',0,0,NULL,0,'2002-06-01',0,1,'2002-06-01',0,0,NULL),
	(20163343542,583,0,388,0,'RIOS                ','OSCAR EDUARDO                 ','DU',16334354,'M',2,'1963-01-12',12,10,'LA SILLETA          ','RICARDO ROMER S/N                                 ',NULL,NULL,NULL,'4407',0,0,NULL,0,'2003-09-01',0,1,'2003-09-01',0,0,NULL),
	(20171344809,744,0,343,0,'BADIN               ','NESTOR GERARDO                ','DU',17134480,'M',7,'1965-08-13',12,10,'SALTA               ','CALLE 10 MANZANA 529 \"B\" CASA 14, BARRIO EL HUERCO',NULL,NULL,NULL,'4400',0,0,NULL,0,'2003-07-01',0,1,'2003-07-01',0,0,NULL),
	(20175825380,882,0,119,0,'CRUZ                ','HUGO ORLANDO                  ','DU',17582538,'M',2,'1966-03-12',12,10,'SALTA               ','J.CACHAQUI-M.301A LO.12                           ',NULL,NULL,NULL,'4400',0,0,NULL,0,'2003-01-01',0,1,'2003-01-01',0,0,NULL),
	(20177919781,1790,0,182,0,'CASTILLA            ','JOSE ANTONIO                  ','DU',17791978,'M',2,'1966-10-25',12,10,'VAQUEROS            ','LOS ALAMOS MEDIDOR 431                            ',NULL,NULL,NULL,'4401',0,0,NULL,0,'2003-03-01',0,1,'2003-03-01',0,0,NULL),
	(20181693615,2318,0,5690,0,'YAPURA              ','ROMULO                        ','DU',18169361,'M',2,'1967-09-05',12,2,'AVELLANEDA          ','ALMIRANTE SOLIER 2061                             ',NULL,NULL,NULL,'1870',0,0,NULL,0,'2003-09-01',0,1,'2003-09-01',0,0,NULL),
	(20181864754,459,0,29,0,'SALVATIERRA         ','JORGE ANTONIO                 ','DU',18186475,'M',2,'1967-02-08',12,15,'SAN MIGUEL          ','B§B. MITRE, MZA E LOTE 22                         ',NULL,NULL,NULL,'4000',0,0,NULL,0,'2002-01-01',0,1,'2002-01-01',0,0,NULL),
	(20182297403,1683,0,218,0,'CACERES             ','HECTOR HUGO                   ','DU',18229740,'M',2,'1967-09-01',12,10,'BARRIO GRAL. MOSCONI','PASAJE SOR. MARIA DE LOS ANGELES 130              ',NULL,NULL,NULL,'4400',0,0,NULL,0,'2003-04-01',0,1,'2003-04-01',0,0,NULL),
	(20185347762,625,0,83,0,'TOLEDO              ','WALTER FABIAN                 ','DU',18534776,'M',2,'1967-01-01',12,3,'RECREO              ','RUTA 20 S/N                                       ',NULL,NULL,NULL,'5260',0,0,NULL,0,'2002-12-01',0,1,'2002-12-01',0,0,NULL),
	(20215429122,1838,0,6782,0,'GONZALEZ            ','JORGE LUIS                    ','DU',21542912,'M',1,'1970-05-29',12,10,'SALTA               ','NICOLAS AVELLANEDA                                ',NULL,NULL,NULL,'4400',0,0,NULL,0,'2011-04-08',0,1,'2011-04-08',0,0,NULL),
	(20220067867,697,0,6780,0,'MONTES              ','JOSE LUIS                     ','DU',22006786,'M',1,'1971-03-01',12,2,'LANUS               ','SALCEDO 68                                        ',NULL,NULL,NULL,'1824',0,0,NULL,0,'2011-04-08',0,1,'2011-04-08',0,0,NULL),
	(20224554924,1430,0,311,0,'ALCALA              ','ANTONIO BELISARIO             ','DU',22455492,'M',1,'1971-12-07',12,10,'ROSARIO DE LERMA    ','MARIA TORRES FRIAS 138                            ',NULL,NULL,NULL,'4405',0,0,NULL,0,'2003-06-01',0,1,'2003-06-01',0,0,NULL),
	(20225545619,1672,0,264,0,'QUIROGA             ','RAUL ALBERTO                  ','DU',22554561,'M',2,'1972-06-18',12,10,'SALTA               ','CORDOBA 1201                                      ',NULL,NULL,NULL,'4400',0,0,NULL,0,'2003-05-01',0,1,'2003-05-01',0,0,NULL),
	(20229965825,4061,0,7863,0,'MOLINELLI           ','SERGIO FERNANDO               ','DU',22996582,'M',1,'1972-08-18',12,2,'BOSQUES             ','Miguel Cane 495                                   ',NULL,NULL,NULL,'1889',0,0,NULL,0,'2011-12-01',7,1,'2011-12-01',0,0,NULL),
	(20233161641,750,0,115,0,'CHAÑE               ','EDUARDO ARIEL                 ','DU',23316164,'M',2,'1973-06-02',12,10,'SALTA               ','B LOS LAPACHOS MANZ 475 A 14                      ',NULL,NULL,NULL,'4400',0,0,NULL,0,'2003-01-01',0,1,'2003-01-01',0,0,NULL),
	(20235840694,450,0,309,0,'DI SANTOLO          ','MARCELO EDUARDO               ','DU',23584069,'M',7,'1973-10-05',12,10,'SALTA               ','PJE.AVELINO FIGUEROA 220                          ',NULL,NULL,NULL,'4400',0,0,NULL,0,'2003-06-01',0,1,'2003-06-01',0,0,NULL),
	(20244043683,4232,0,8101,0,'SAEZ','JUAN FERNANDO','DU',24404368,'M',1,'1975-02-04',0,9,'GOBERNADOR BENE','SALVADOR MARIA DEL C 2098  ',NULL,NULL,NULL,'5544',0,0,NULL,0,'2012-06-04',0,1,'2012-06-04',0,0,NULL),
	(20245376198,1020,0,896,0,'BENITEZ             ','ADOLFO                        ','DU',24537619,'M',1,'1968-11-02',12,20,'GARUPA              ','B° SAN MARCOS CHACRA 36                           ',NULL,NULL,NULL,'3304',0,0,NULL,0,'2004-10-01',0,1,'2004-10-01',0,0,NULL),
	(20245720182,481,0,7928,0,'MEZA','HECTOR ARIEL','DU',24572018,'M',1,'1975-03-29',12,1,'POSADAS','PJE BRASIL 3332 0  ',NULL,NULL,NULL,'3300',0,0,NULL,0,'2012-01-09',0,1,'2012-01-09',0,0,NULL),
	(20246381098,1748,0,360,0,'BALDERRAMA          ','JULIO FERNANDO                ','DU',24638109,'M',2,'1975-06-05',12,10,'SALTA               ','AV.J.DE DIOS USANDIV.1022                         ',NULL,NULL,NULL,'4400',0,0,NULL,0,'2003-08-01',0,1,'2003-08-01',0,0,NULL),
	(20246493457,1433,0,5158,0,'PILASZEK','JORGE FELIX','DU',24649345,'M',1,'1975-06-09',0,20,'JARDIN AMERICA','BÌ 100 VIVIENDAS 0 0  ',NULL,NULL,NULL,'3328',0,0,NULL,0,'2005-09-01',0,1,'2005-09-01',0,0,NULL),
	(20248506084,1125,0,382,0,'ORTIZ               ','SEBASTIAN FEDERICO            ','DU',24850608,'M',1,'1976-04-05',12,20,'GARUPA              ','RIVADAVIA 80                                      ',NULL,NULL,NULL,'3304',0,0,NULL,0,'2003-09-01',0,1,'2003-09-01',0,0,NULL),
	(20248785471,4130,0,7941,0,'GONZALEZ','JORGE ENRIQUE','DU',24878547,'M',1,'1975-11-30',0,9,'PALMIRA','MORENO 17  ',NULL,NULL,NULL,'5584',0,0,NULL,0,'2012-02-03',0,1,'2012-02-03',0,0,NULL),
	(20251700916,667,0,581,0,'BENITEZ             ','JOSE OSCAR                    ','DU',25170091,'M',2,'1976-09-21',12,20,'SANTA ANA           ','LT33 PUERTO S.ANA                                 ',NULL,NULL,NULL,'3316',0,0,NULL,0,'2004-03-01',0,1,'2004-03-01',0,0,NULL),
	(20255027795,1027,0,35,0,'CISTERNA            ','EDUARDO ANDRES                ','DU',25502779,'M',2,'1976-09-21',12,1,'CAPITAL FEDERAL     ','COCHABAMBA 580 DEPTO 2                            ',NULL,NULL,NULL,'1150',0,0,NULL,0,'2002-02-01',0,1,'2002-02-01',0,0,NULL),
	(20257461387,4131,0,7942,0,'HERRERA','MARCELO DARIO','DU',25746138,'M',1,'1977-01-02',0,3,'SAN FERNANDO DE','BÌ SAN ANTONIO-MZNA. 7 :0 0',NULL,NULL,NULL,'4700',0,0,NULL,0,'2012-02-03',0,1,'2012-02-03',0,0,NULL),
	(20258006721,3236,0,8102,0,'ROMERO','SERGIO ROLANDO','DU',25800672,'M',1,'1977-01-31',0,10,'SALTA','CORDOBA 1725 0  ',NULL,NULL,NULL,'4400',0,0,NULL,0,'2012-06-04',0,1,'2012-06-04',0,0,NULL),
	(20259300275,1372,0,498,0,'AYALA','JOSE ANTONIO','DU',25930027,'M',1,'1977-07-10',12,20,'GARUPA','M.LANUS CABO CUENCA 0  ',NULL,NULL,NULL,'3304',0,0,NULL,0,'2003-12-01',0,1,'2003-12-01',0,0,NULL),
	(20259557845,4233,0,8103,0,'RODRIGUEZ','ELISEO OSCAR','DU',25955784,'M',1,'1977-08-02',0,2,'LOMAS DE ZAMORA','RIVADAVIA Y AZAMOR 1 0  ',NULL,NULL,NULL,'1832',0,0,NULL,0,'2012-06-04',0,1,'2012-06-04',0,0,NULL),
	(20260172884,760,0,656,0,'YACQUES             ','RUBEN WALDEMAR                ','DU',26017288,'M',7,'1977-04-14',12,20,'GARUPA              ','BºNUEVA ESPERANZA                                 ',NULL,NULL,NULL,'3304',0,0,NULL,0,'2004-06-01',0,1,'2004-06-01',0,0,NULL),
	(20260516877,1570,0,4998,0,'NACIMENTO           ','MARCELINO ADRIAN              ','DU',26051687,'M',2,'1977-11-13',12,20,'APOSTOLES           ','CALLE L. N. ALEM 487                              ',NULL,NULL,NULL,'3350',0,0,NULL,0,'2003-12-01',0,1,'2003-12-01',0,0,NULL),
	(20262057926,2662,0,6420,0,'BAEZ                ','CLAUDIO RAUL                  ','DU',26205792,'M',2,'1977-08-18',12,2,'PABLO NOGUES        ','AMPERES 959                                       ',NULL,NULL,NULL,'1613',0,0,NULL,0,'2010-09-01',0,1,'2010-09-01',0,0,NULL),
	(20262832601,4062,0,7864,0,'GIMENEZ             ','JUAN ALBERTO                  ','DU',26283260,'M',1,'1977-10-30',12,2,'FLORENCIO VARELA    ','1213 2079                                         ',NULL,NULL,NULL,'1888',0,0,NULL,0,'2011-12-01',7,1,'2011-12-01',0,0,NULL),
	(20265781919,3194,0,6952,0,'DE','LIMA CHILAVERT SERGIO RAMON','DU',26578191,'M',1,'1978-06-11',0,20,'POSADAS','109  Y 50 CASA 2387 0 D pt',NULL,NULL,NULL,'3300',0,0,NULL,0,'2011-09-14',0,1,'2011-09-14',0,0,NULL),
	(20265857338,605,0,4738,0,'LOPEZ','VIERA MIGUEL ALBERTO','DU',26585733,'M',1,'1978-03-14',0,20,'POSADAS','CH 142 EVA PERON Y M 130 to :6',NULL,NULL,NULL,'3300',0,0,NULL,0,'2004-09-01',0,1,'2004-09-01',0,0,NULL),
	(20267545627,3265,0,801,0,'AZAR                ','HECTOR DANIEL                 ','DU',26754562,'M',2,'1978-07-20',12,2,'GLEW                ','BARRIO GENDARMERIA 461                            ',NULL,NULL,NULL,'1856',0,0,NULL,0,'2004-08-01',0,1,'2004-08-01',0,0,NULL),
	(20274341530,1533,0,4607,0,'INSAURRALDE         ','ARTURO DANIEL                 ','DU',27434153,'M',7,'1979-04-21',12,20,'GARUPA              ','CHACRA 151                                        ',NULL,NULL,NULL,'3304',0,0,NULL,0,'2004-04-01',0,1,'2004-04-01',0,0,NULL),
	(20278001165,2050,0,608,0,'MARTINEZ            ','GUSTAVO JAVIER                ','DU',27800116,'M',7,'1979-12-22',12,20,'CALLE 42 CASA 7180I ','VILLA CABELLO AV.PERON CASI CENTENARIO            ',NULL,NULL,NULL,'3.200',0,0,NULL,0,'2004-04-01',0,1,'2004-04-01',0,0,NULL),
	(20280030431,1146,0,550,0,'CAMPOS','ARANDA SERGIO GABRIEL','DU',28003043,'M',1,'1980-05-23',12,20,'GARUPA','RUTA 213 Y J.LARREA 0  ',NULL,NULL,NULL,'3304',0,0,NULL,0,'2004-02-01',0,1,'2004-02-01',0,0,NULL),
	(20281632214,4162,0,8014,0,'MARTINEZ','CARLOS ROBERTO','DU',28163221,'M',1,'1980-08-05',0,1,'',' 0  ',NULL,NULL,NULL,'0',0,0,NULL,0,'2012-04-09',0,1,'2012-04-09',0,0,NULL),
	(20283874002,4162,0,8015,0,'ESTEPA','HUGO SERGIO','DU',28387400,'M',1,'1980-12-10',0,20,'POSADAS','CH 152 SECTOR 2 CASA 4  ',NULL,NULL,NULL,'3300',0,0,NULL,0,'2012-04-09',0,1,'2012-04-09',0,0,NULL),
	(20286348875,3093,0,6777,0,'BELMONTE            ','VALERIA ALEJANDRINA           ','DU',28634887,'M',1,'1982-01-12',12,10,'SALTA               ','BÌ SAN IGNACIO-MZ 14                              ',NULL,NULL,NULL,'4400',0,0,NULL,0,'2011-04-08',0,1,'2011-04-08',0,0,NULL),
	(20288899585,1945,0,3936,0,'CABRAL              ','EDGARDO GASTON                ','DU',28889958,'M',7,'1978-09-22',12,20,'GARUPA              ','B° AEROCLUB LOS LAPA 0                            ',NULL,NULL,NULL,'3304',0,0,NULL,0,'2005-03-01',0,1,'2005-03-01',0,0,NULL),
	(20295136570,2607,0,3521,0,'TORRES              ','MIGUEL ANGEL                  ','DU',29513657,'M',7,'1982-08-13',12,9,'RIVADAVIA           ','BºALMAFUERTE MZA A 20                             ',NULL,NULL,NULL,'5577',0,0,NULL,0,'2008-11-01',0,1,'2008-11-01',0,0,NULL),
	(20296736474,3184,0,4741,0,'LOPEZ               ','CARLOS DANIEL                 ','DU',29673647,'M',1,'1983-01-31',12,20,'GARUPA              ','B STA HELENA 0                                    ',NULL,NULL,NULL,'3304',0,0,NULL,0,'2005-08-01',0,1,'2005-08-01',0,0,NULL),
	(20296854655,3349,0,7142,0,'FIGUEROA            ','DIEGO DANIEL                  ','DU',29685465,'M',1,'1982-08-28',12,2,'FLORENCIO VARELA    ','MONSERRAT 1564                                    ',NULL,NULL,NULL,'1888',0,0,NULL,0,'2011-10-18',7,1,'2011-10-18',0,0,NULL),
	(20297477677,3350,0,7143,0,'MAKOUL              ','ELIO DAVID                    ','DU',29747767,'M',1,'1982-08-31',12,2,'FLORENCIO VARELA    ','Jorge Novak 2256                                  ',NULL,NULL,NULL,'1888',0,0,NULL,0,'2011-10-18',7,1,'2011-10-18',0,0,NULL),
	(20300371575,3351,0,7144,0,'MOYANO              ','JESUS EDUARDO                 ','DU',30037157,'M',1,'1982-12-25',12,2,'FLORENCIO VARELA    ','Apero 2148                                        ',NULL,NULL,NULL,'1888',0,0,NULL,0,'2011-10-18',7,1,'2011-10-18',0,0,NULL),
	(20301275545,1102,0,1028,0,'NOLL                ','ENNIO                         ','DU',30127554,'M',7,'1974-05-30',12,20,'GARUPA              ','Bº TEALERA                                        ',NULL,NULL,NULL,'3304',0,0,NULL,0,'2004-12-01',0,1,'2004-12-01',0,0,NULL),
	(20301652403,2307,0,795,0,'FARIAS              ','LUCAS SANTIAGO                ','DU',30165240,'M',7,'1983-05-29',12,2,'DON TORCUATO        ','ALARCON 172                                       ',NULL,NULL,NULL,'1611',0,0,NULL,0,'2009-03-01',0,1,'2009-03-01',0,0,NULL),
	(20303213067,3352,0,7145,0,'VELIZ               ','MARCELO ALEJANDRO             ','DU',30321306,'M',1,'1979-05-09',12,2,'FLORENCIO VARELA    ','DONATO ALVAREZ 1251                               ',NULL,NULL,NULL,'1888',0,0,NULL,0,'2011-10-18',7,1,'2011-10-18',0,0,NULL),
	(20304052008,3353,0,7146,0,'TULA                ','ALEJANDRO RAMON               ','DU',30405200,'M',1,'1969-09-11',12,2,'FLORENCIO VARELA    ','El Cacique 0                                      ',NULL,NULL,NULL,'1888',0,0,NULL,0,'2011-10-18',7,1,'2011-10-18',0,0,NULL),
	(20305848574,4376,0,8295,0,'ARGAÑARAZ','JOSE DAVID','DU',30584857,'M',1,'1984-03-03',0,9,'GODOY CRUZ','D P DE HUISI MANZ 43 32  ',NULL,NULL,NULL,'5501',0,0,NULL,0,'2012-12-11',0,1,'2012-12-11',0,0,NULL),
	(20306627938,3354,0,7147,0,'LAFON               ','ISAIAS                        ','DU',30662793,'M',1,'1984-01-24',12,2,'FLORENCIO VARELA    ','Arrecifes 635                                     ',NULL,NULL,NULL,'1888',0,0,NULL,0,'2011-10-18',7,1,'2011-10-18',0,0,NULL),
	(20307137926,1848,0,5204,0,'QUIPILDOR           ','LUIS SEBASTIAN                ','DU',30713792,'M',1,'1984-06-29',12,9,'TUPUNGATO           ','BºLOS NOGALES-MZNA L 4                            ',NULL,NULL,NULL,'5561',0,0,NULL,0,'2006-05-01',0,1,'2006-05-01',0,0,NULL),
	(20307373719,4295,0,8186,0,'DONAIRE','RODRIGO FERNANDO','DU',30737371,'M',1,'1985-01-12',0,9,'PALMIRA','Gran Libano 117  ',NULL,NULL,NULL,'5584',0,0,NULL,0,'2012-08-14',0,1,'2012-08-14',0,0,NULL),
	(20309109962,3355,0,7148,0,'RIVERO              ','HECTOR SEBASTIAN              ','DU',30910996,'M',1,'1984-06-07',12,2,'FLORENCIO VARELA    ','El Cacique 0                                      ',NULL,NULL,NULL,'1888',0,0,NULL,0,'2011-10-18',7,1,'2011-10-18',0,0,NULL),
	(20312041252,2642,0,6397,0,'VARGAS              ','CRISTIAN ARIEL                ','DU',31204125,'M',1,'1984-10-06',12,2,'PILAR               ','CASTAÑASI 211                                     ',NULL,NULL,NULL,'1629',0,0,NULL,0,'2010-09-01',0,1,'2010-09-01',0,0,NULL),
	(20313476171,2965,0,6631,0,'PERALTA','MARCELO DAVID','DU',31347617,'M',1,'1983-12-18',0,4,'CBA','PUBLICA 0 0 0  ',NULL,NULL,NULL,'5000',0,0,NULL,0,'2011-01-01',7,1,'2011-01-01',0,0,NULL),
	(20315678502,1003,0,5723,0,'ZOLIZ','JUAN MIGUEL','DU',31567850,'M',1,'1985-03-08',0,6,'CONCORDIA','GUEMES 1070 0  ',NULL,NULL,NULL,'3200',0,0,NULL,0,'2006-02-01',0,1,'2006-02-01',0,0,NULL),
	(20342751785,4377,0,8296,0,'DUARTE','ANGEL','DU',34275178,'M',1,'1978-03-03',0,20,'POSADAS','SIN NOMBRE 19 Piso:0 0 00 0',NULL,NULL,NULL,'3300',0,0,NULL,0,'2012-12-11',0,1,'2012-12-11',0,0,NULL),
	(20367318644,709,0,3430,0,'MARTINEZ            ','CARLOS HERNAN                 ','DU',36731864,'M',1,'1988-02-05',12,9,'RODEO DE LA CRUZ    ','NAHUEL HUAPI 647                                  ',NULL,NULL,NULL,'5525',0,0,NULL,0,'2008-09-01',0,1,'2008-09-01',0,0,NULL),
	(20930194906,2987,0,6641,0,'MONTALVO            ','RICARDO                       ','DU',93019490,'M',1,'1964-11-06',12,4,'CORDOBA             ','PASAJE 13 MZA 17 LOTE 13                          ',NULL,NULL,NULL,'5000',0,0,NULL,0,'2011-01-01',7,1,'2011-01-01',0,0,NULL),
	(20930847330,488,0,6306,0,'CARTES','OLIVARES RICARDO ANDRES','DU',93084733,'M',1,'1981-12-17',0,9,'MENDOZA','SAN FRANCISCO DE ASI 0  ',NULL,NULL,NULL,'5500',0,0,NULL,0,'2009-12-01',0,1,'2009-12-01',0,0,NULL),
	(20946893979,760,0,8053,0,'ARRUA','AGUSTIN','DU',94689397,'M',1,'1990-08-28',0,2,'AERODROMO ALBAT','OBARRIO 1965 0  ',NULL,NULL,NULL,'1722',0,0,NULL,0,'2012-04-09',0,1,'2012-04-09',0,0,NULL),
	(23041086564,4182,0,8054,0,'SALATIN','MABEL CAROLINA','LC',4108656,'F',1,'1940-11-10',0,10,'SALTA','ALVARADO 52  ',NULL,NULL,NULL,'4400',0,0,NULL,0,'2012-04-09',0,1,'2012-04-09',0,0,NULL),
	(23144716809,2329,0,4194,0,'DELGADO             ','WALTER OSCAR                  ','DU',14471680,'M',7,'1961-06-05',12,9,'LAS HERAS           ','BºV.MONICA-MZA.B CASA 10                          ',NULL,NULL,NULL,'5539',0,0,NULL,0,'2003-03-01',0,1,'2003-03-01',0,0,NULL),
	(23145889774,4068,0,7870,0,'VALENZUELA          ','IRENE ANTONIA                 ','DU',14588977,'M',1,'1961-06-28',12,2,'FLORENCIO VARELA    ','CALLE 1302 NRO 2058                               ',NULL,NULL,NULL,'1888',0,0,NULL,0,'2011-12-01',7,1,'2011-12-01',0,0,NULL),
	(23203907419,3233,0,7049,0,'MISISSTRANO','SERGIO GUSTAV','DU',20390741,'M',1,'1968-04-30',0,9,'DORREGO',' 0  ',NULL,NULL,NULL,'0',0,0,NULL,0,'2011-11-02',0,1,'2011-11-02',0,0,NULL),
	(23216345339,730,0,305,0,'CALDERA ROYO        ','CLAUDIO GERARDO               ','DU',21634533,'M',2,'1971-03-16',12,10,'SALTA               ','Bº AMPLIACION INTER BLOCK N 0 0 4                 ',NULL,NULL,NULL,'4400',0,0,NULL,0,'2003-06-01',0,1,'2003-06-01',0,0,NULL),
	(23222735459,1121,0,8055,0,'VERA','HORACIO','DU',22273545,'M',1,'1971-12-12',0,20,'POSADAS','143 - 802  ',NULL,NULL,NULL,'3300',0,0,NULL,0,'2012-04-09',0,1,'2012-04-09',0,0,NULL),
	(23249546089,3239,0,6805,0,'BAREIRO             ','MARCELO FABIAN                ','DU',24954608,'M',1,'1975-10-27',12,2,'VILLA DOMINICO      ','OBARRIO 1024                                      ',NULL,NULL,NULL,'1874',0,0,NULL,0,'2011-06-03',0,1,'2011-06-03',0,0,NULL),
	(23252645594,4069,0,7871,0,'PAEZ                ','MARIA ALEJANDRA               ','DU',25264559,'F',1,'1976-04-12',12,2,'FLORENCIO VARELA    ','Pergamino 750                                     ',NULL,NULL,NULL,'1888',0,0,NULL,0,'2011-12-01',7,1,'2011-12-01',0,0,NULL),
	(23264254019,3248,0,7051,0,'VILLALONGA','ADRIAN OSVALDO','DU',26425401,'M',1,'1978-01-05',0,9,'MAIPU','MALLEA 131 0  ',NULL,NULL,NULL,'5515',0,0,NULL,0,'2011-11-02',0,1,'2011-11-02',0,0,NULL),
	(23266782489,4183,0,8056,0,'BENTIVOGLIA','FABIAN A N','DU',26678248,'M',1,'1979-01-01',0,1,'',' 0  ',NULL,NULL,NULL,'0',0,0,NULL,0,'2012-04-09',0,1,'2012-04-09',0,0,NULL),
	(23275579459,3206,0,6971,0,'SALINAS','RAUL HECTOR','DU',27557945,'M',1,'1980-01-26',0,20,'POSADAS','BA A 4 MZNA 217 0  ',NULL,NULL,NULL,'3300',0,0,NULL,0,'2011-09-14',0,1,'2011-09-14',0,0,NULL),
	(23336036089,4378,0,8297,0,'CASTILLO','DAVID EMANUEL','DU',33603608,'M',1,'1988-03-21',0,9,'RODEO DEL MEDIO','BO 25 DE MAYO M 17 C 4  ',NULL,NULL,NULL,'5529',0,0,NULL,0,'2012-12-11',0,1,'2012-12-11',0,0,NULL),
	(23358621244,4070,0,7872,0,'CORBALAN            ','MARINA ISABEL                 ','DU',35862124,'F',1,'1991-04-05',12,2,'FLORENCIO VARELA    ','San Jeronimo 2543                                 ',NULL,NULL,NULL,'1888',0,0,NULL,0,'2011-12-01',7,1,'2011-12-01',0,0,NULL),
	(23926827049,1790,0,109,0,'PEREZ SALVATIERRA   ','HUMBERTO                      ','DU',92682704,'M',2,'1946-06-20',170,10,'SALTA               ','Bº17 OCT.-MZA.408 B CA.13                         ',NULL,NULL,NULL,'4400',0,0,NULL,0,'2003-01-01',0,1,'2003-01-01',0,0,NULL),
	(27061334969,933,0,107,0,'PARDO               ','MARIA MANUELA                 ','LC',6133496,'F',1,'1949-10-24',12,10,'SALTA               ','Vº20FEBR.-PJ.GUIDO 1746                           ',NULL,NULL,NULL,'4400',0,0,NULL,0,'2003-01-01',0,1,'2003-01-01',0,0,NULL),
	(27061943051,1684,0,164,0,'SARAPURA            ','SABINA                        ','DU',6194305,'F',1,'1950-03-07',12,10,'SALTA               ','BºVICTO.-P.ALBERO 2355                            ',NULL,NULL,NULL,'4400',0,0,NULL,0,'2003-03-01',0,1,'2003-03-01',0,0,NULL),
	(27121806725,4028,0,7830,0,'ABALLAY             ','CLARA DEL VALLE               ','DU',12180672,'F',1,'1956-06-20',12,2,'BOSQUES             ','958 Las Rosas 889                                 ',NULL,NULL,NULL,'1889',0,0,NULL,0,'2011-11-21',7,1,'2011-11-21',0,0,NULL),
	(27134094368,1684,0,161,0,'FARFAN              ','ILDA MARTA                    ','DU',13409436,'F',1,'1959-09-27',12,10,'SALTA               ','Bº21NOV.-MZA.D CASA 5                             ',NULL,NULL,NULL,'4400',0,0,NULL,0,'2003-03-01',0,1,'2003-03-01',0,0,NULL),
	(27134361064,4029,0,7831,0,'MARTINEZ            ','MABEL ANTONIA                 ','DU',13436106,'F',1,'1957-01-26',12,2,'FLORENCIO VARELA    ','Aconcagua 145                                     ',NULL,NULL,NULL,'1888',0,0,NULL,0,'2011-11-21',7,1,'2011-11-21',0,0,NULL),
	(27134383572,4073,0,7875,0,'PAGANO              ','GRACIELA ANGELA               ','DU',13438357,'F',1,'1957-07-25',12,2,'FLORENCIO VARELA    ','Antartida 2271                                    ',NULL,NULL,NULL,'1888',0,0,NULL,0,'2011-12-01',7,1,'2011-12-01',0,0,NULL),
	(27147084078,1344,0,3780,0,'BALCARCE','GLADYS DEL VALLE','DU',14708407,'F',1,'1961-12-08',0,10,'SALTA','RUTA26 FCA.LA PAZ PA 0  ',NULL,NULL,NULL,'4400',0,0,NULL,0,'2004-11-01',0,1,'2004-11-01',0,0,NULL),
	(27147494748,1168,0,5460,0,'SLY                 ','NELIDA ISANEL                 ','DU',14749474,'F',2,'1962-06-09',12,10,'EMBARCACIO          ','BºH.YRIGIYEN-BL.H DTO.4                           ',NULL,NULL,NULL,'4550',0,0,NULL,0,'2003-06-01',0,1,'2003-06-01',0,0,NULL),
	(27148362632,4030,0,7832,0,'SOTELO              ','GLADYS ESTER                  ','DU',14836263,'F',1,'1961-10-15',12,2,'FLORENCIO VARELA    ','Olivero 2763                                      ',NULL,NULL,NULL,'1888',0,0,NULL,0,'2011-11-21',7,1,'2011-11-21',0,0,NULL),
	(27165183253,4031,0,7833,0,'PONCE               ','DIANA ALBA                    ','DU',16518325,'F',1,'1963-09-29',12,2,'FLORENCIO VARELA    ','El Indio 0                                        ',NULL,NULL,NULL,'1888',0,0,NULL,0,'2011-11-21',7,1,'2011-11-21',0,0,NULL),
	(27173092151,731,0,351,0,'PARDO               ','ANA DEL VALLE                 ','DU',17309215,'F',2,'1965-03-24',12,10,'SALTA               ','BºS.LUCIA-CALLE 2 ME.637                          ',NULL,NULL,NULL,'4400',0,0,NULL,0,'2003-08-01',0,1,'2003-08-01',0,0,NULL),
	(27173985679,4032,0,7834,0,'RUIZ                ','EVA MARGARITA                 ','DU',17398567,'F',1,'1963-12-18',12,2,'FLORENCIO VARELA    ','J V Gonzalez 1345                                 ',NULL,NULL,NULL,'1888',0,0,NULL,0,'2011-11-21',7,1,'2011-11-21',0,0,NULL),
	(27182290721,1149,0,6972,0,'RODRIGUEZ','ADRIANA CLAUDIA','DU',18229072,'F',1,'1967-05-23',0,10,'SALTA','PJE ROSARIO DE LERMA 81  ',NULL,NULL,NULL,'4400',0,0,NULL,0,'2011-09-14',0,1,'2011-09-14',0,0,NULL),
	(27184737561,750,0,95,0,'SANDOBAL','SILVIA SUSANA','DU',18473756,'F',1,'1967-08-08',12,10,'SALTA-CAPITAL','BøARENALES-PJE.FCO.J 1691  ',NULL,NULL,NULL,'4400',0,0,NULL,0,'2003-01-01',0,1,'2003-01-01',0,0,NULL),
	(27186162248,727,0,374,0,'ZAPATA              ','CLAUDIA ALEJNDRA              ','DU',18616224,'F',2,'1967-08-29',12,10,'SALTA               ','BºINTER.-R.INDEPEN. 2755                          ',NULL,NULL,NULL,'4400',0,0,NULL,0,'2003-09-01',0,1,'2003-09-01',0,0,NULL),
	(27186732702,4033,0,7835,0,'GIMENEZ             ','ADRIANA PATRICIA              ','DU',18673270,'F',1,'1966-11-21',12,2,'FLORENCIO VARELA    ','Olivero 2763                                      ',NULL,NULL,NULL,'1888',0,0,NULL,0,'2011-11-21',7,1,'2011-11-21',0,0,NULL),
	(27206977014,4034,0,7836,0,'FABAZ               ','JUANA FRANCISCA               ','DU',20697701,'F',1,'1969-02-04',12,2,'FLORENCIO VARELA    ','1143 1151                                         ',NULL,NULL,NULL,'1888',0,0,NULL,0,'2011-11-21',7,1,'2011-11-21',0,0,NULL),
	(27208159831,1325,0,410,0,'MEDINA              ','TELMA ELIZABETH               ','DU',20815983,'F',2,'1969-10-13',12,20,'GARUPA              ','BºÑUPORA-LOS CLAVELES                             ',NULL,NULL,NULL,'3304',0,0,NULL,0,'2003-10-01',0,1,'2003-10-01',0,0,NULL),
	(27209314121,933,0,5026,0,'NIETO               ','MIRTA CECILIA                 ','DU',20931412,'F',1,'1969-04-12',12,10,'SALTA               ','Bº20FEB-READ  HEAD 1272                           ',NULL,NULL,NULL,'4400',0,0,NULL,0,'2003-05-01',0,1,'2003-05-01',0,0,NULL),
	(27209736506,3977,0,7779,0,'VILA                ','STELLA MARIS                  ','DU',20973650,'F',1,'1969-06-19',12,2,'FLORENCIO VARELA    ','Aconcagua 145                                     ',NULL,NULL,NULL,'1888',0,0,NULL,0,'2011-11-10',7,1,'2011-11-10',0,0,NULL),
	(27211156061,4035,0,7837,0,'GIMENEZ             ','MARCELA                       ','DU',21115606,'F',1,'1969-08-27',12,2,'FLORENCIO VARELA    ','SAN MARTIN 1536                                   ',NULL,NULL,NULL,'1888',0,0,NULL,0,'2011-11-21',7,1,'2011-11-21',0,0,NULL),
	(27216334626,718,0,296,0,'RASPI               ','EMMA TERESITA                 ','DU',21633462,'F',2,'1970-10-21',12,10,'SALTA               ','LOS TILOS 38 Bº TRES CERRITOS                     ',NULL,NULL,NULL,'4400',0,0,NULL,0,'2003-06-01',0,1,'2003-06-01',0,0,NULL),
	(27217924435,750,0,91,0,'SEGOVIA             ','LORENZA DEL VALLE             ','DU',21792443,'F',1,'1970-08-30',12,10,'SALTA               ','FELIX ARIAS RENGEL 417                            ',NULL,NULL,NULL,'4400',0,0,NULL,0,'2003-01-01',0,1,'2003-01-01',0,0,NULL),
	(27221467049,1387,0,349,0,'SIMO BURGOS         ','SILVIA GRACIELA               ','DU',22146704,'F',2,'1971-08-30',12,10,'SALTA               ','SARMIENTO 852 DTO.6                               ',NULL,NULL,NULL,'4400',0,0,NULL,0,'2003-08-01',0,1,'2003-08-01',0,0,NULL),
	(27226094313,3978,0,7780,0,'ALINCASTRO          ','KARINA LILIANA                ','DU',22609431,'F',1,'1972-01-07',12,2,'BOSQUES             ','958 Las Rosas 889                                 ',NULL,NULL,NULL,'1889',0,0,NULL,0,'2011-11-10',7,1,'2011-11-10',0,0,NULL),
	(27226108799,4036,0,7838,0,'SUAREZ              ','NELIDA FRANCISCA              ','DU',22610879,'F',1,'1972-03-25',12,2,'FLORENCIO VARELA    ','JOAQUIN V. GONZALEZ 1290                          ',NULL,NULL,NULL,'1888',0,0,NULL,0,'2011-11-21',7,1,'2011-11-21',0,0,NULL),
	(27230256050,3979,0,7781,0,'RAMIREZ             ','VERONICA ELIZABETH            ','DU',23025605,'F',1,'1972-11-23',12,2,'BOSQUES             ','958 Las Rosas 889                                 ',NULL,NULL,NULL,'1889',0,0,NULL,0,'2011-11-10',7,1,'2011-11-10',0,0,NULL),
	(27231407168,1264,0,5664,0,'VILLALOBOS          ','MARCELA CLAUDIA               ','DU',23140716,'F',7,'1973-04-16',12,10,'SALTA               ','COM.ARENALES-TO.D D.99                            ',NULL,NULL,NULL,'4400',0,0,NULL,0,'2003-02-01',0,1,'2003-02-01',0,0,NULL),
	(27231520207,3980,0,7782,0,'LUQUE               ','MARCELINA CLAUDIA             ','DU',23152020,'F',1,'1972-09-03',12,2,'BOSQUES             ','958 Las Rosas 889                                 ',NULL,NULL,NULL,'1889',0,0,NULL,0,'2011-11-10',7,1,'2011-11-10',0,0,NULL),
	(27232741584,4037,0,7839,0,'PARODI              ','BARRIOS GRICELDA              ','DU',23274158,'F',1,'1973-06-15',12,2,'FLORENCIO VARELA    ','Kuffer 1136                                       ',NULL,NULL,NULL,'1888',0,0,NULL,0,'2011-11-21',7,1,'2011-11-21',0,0,NULL),
	(27233197748,2282,0,6197,0,'LICUIME             ','VIOLETA DEL VALLE             ','DU',23319774,'F',1,'1973-12-08',12,10,'SALTA               ','PASAJE IBAZETA  270                               ',NULL,NULL,NULL,'4400',0,0,NULL,0,'2009-10-06',0,1,'2009-10-06',0,0,NULL),
	(27233624832,3981,0,7783,0,'BRITOS              ','MARIELA ELIZABETH             ','DU',23362483,'F',1,'1973-06-14',12,2,'SAN FRANCISCO SOLANO','Calle 877 0                                       ',NULL,NULL,NULL,'1881',0,0,NULL,0,'2011-11-10',7,1,'2011-11-10',0,0,NULL),
	(27239413833,918,0,86,0,'FRESCO              ','IVANA ESTER                   ','DU',23941383,'F',1,'1974-07-03',12,10,'SALTA               ','BLOCK 36 DPTO.V  Bº PQUE LA VEGA                  ',NULL,NULL,NULL,'4400',0,0,NULL,0,'2003-01-01',0,1,'2003-01-01',0,0,NULL),
	(27241069058,4038,0,7840,0,'ROMERO              ','MARIA DE LOS ANGELES          ','DU',24106905,'F',1,'1974-08-27',12,2,'BOSQUES             ','958 Las Rosas 889                                 ',NULL,NULL,NULL,'1889',0,0,NULL,0,'2011-11-21',7,1,'2011-11-21',0,0,NULL),
	(27246973348,731,0,4989,0,'MOYA                ','PATRICIA CAROLA               ','DU',24697334,'F',2,'1975-06-16',12,10,'SALTA               ','PJE.MIGUEL TEDIN 351                              ',NULL,NULL,NULL,'4400',0,0,NULL,0,'2003-03-01',0,1,'2003-03-01',0,0,NULL),
	(27248878903,733,0,122,0,'BROWN               ','SONIA CAROLINA                ','DU',24887890,'F',1,'1976-02-03',12,10,'SALTA               ','BºLOMA-ANZOATEGUI 2579                            ',NULL,NULL,NULL,'4400',0,0,NULL,0,'2003-02-01',0,1,'2003-02-01',0,0,NULL),
	(27254110715,750,0,85,0,'DELGADO             ','FLAVIA JOSEFINA               ','DU',25411071,'F',1,'1971-06-09',12,10,'SALTA               ','BºSTA.CECI.-MZA.J CASAA 13                        ',NULL,NULL,NULL,'4400',0,0,NULL,0,'2003-01-01',0,1,'2003-01-01',0,0,NULL),
	(27293694317,3918,0,7715,0,'RASJIDO','CYNTHIA VANESSA','DU',29369431,'F',1,'1982-05-31',0,3,'SAN ISIDRO','B* 76 VIVIENDAS CASA 5  ',NULL,NULL,NULL,'4707',0,0,NULL,0,'2011-12-07',0,1,'2011-12-07',0,0,NULL),
	(27293910184,3210,0,6976,0,'BRITO','CECILIA LUCIANA','DU',29391018,'F',1,'1982-06-17',0,10,'METAN','PJE. MOSCONI 219 Pis 0 to :0',NULL,NULL,NULL,'4440',0,0,NULL,0,'2011-09-14',0,1,'2011-09-14',0,0,NULL);

/*!40000 ALTER TABLE `titulares` ENABLE KEYS */;
UNLOCK TABLES;



/*!40111 SET SQL_NOTES=@OLD_SQL_NOTES */;
/*!40101 SET SQL_MODE=@OLD_SQL_MODE */;
/*!40014 SET FOREIGN_KEY_CHECKS=@OLD_FOREIGN_KEY_CHECKS */;
/*!40101 SET CHARACTER_SET_CLIENT=@OLD_CHARACTER_SET_CLIENT */;
/*!40101 SET CHARACTER_SET_RESULTS=@OLD_CHARACTER_SET_RESULTS */;
/*!40101 SET COLLATION_CONNECTION=@OLD_COLLATION_CONNECTION */;
